subject,env,tree,tree_type,harvest_dur,num_harvests,difficulty_at_exit,score_tree,dur_per_harvest,num_presses
66a0fbfd52a85e69af5dd200,0,0,good,136018,25,49,243,"[0, 1170, 1306, 1392, 2051, 2058, 2261, 2989, 3763, 3135, 3492, 4002, 4352, 4776, 4960, 5321, 5952, 6479, 6402, 7252, 7520, 7365, 7743, 8796, 0]","[1, 3, 5, 7, 9, 11, 13, 15, 17, 19, 21, 23, 25, 27, 29, 31, 33, 35, 37, 39, 41, 43, 45, 47, 49]"
66a0fbfd52a85e69af5dd200,0,1,bad,94180,15,71,140,"[0, 820, 1699, 2589, 3409, 4406, 5303, 5164, 6147, 7876, 7752, 9450, 10138, 12350, 0]","[1, 6, 11, 16, 21, 26, 31, 36, 41, 46, 51, 56, 61, 66, 71]"
66a0fbfd52a85e69af5dd200,0,2,bad,99774,15,71,139,"[0, 868, 1649, 2667, 2975, 3651, 5204, 6612, 6908, 8329, 9483, 10065, 11732, 11690, 0]","[1, 6, 11, 16, 21, 26, 31, 36, 41, 46, 51, 56, 61, 66, 71]"
66a0fbfd52a85e69af5dd200,0,3,good,134764,25,49,248,"[0, 337, 624, 1022, 1349, 1632, 2022, 2268, 2496, 3078, 3849, 4112, 4578, 4355, 5532, 5551, 6075, 6657, 7031, 7904, 7871, 7768, 8404, 8978, 0]","[1, 3, 5, 7, 9, 11, 13, 15, 17, 19, 21, 23, 25, 27, 29, 31, 33, 35, 37, 39, 41, 43, 45, 47, 49]"
66a0fbfd52a85e69af5dd200,0,4,good,118274,24,47,231,"[0, 332, 626, 1001, 1277, 1693, 2180, 2483, 2836, 3246, 2787, 3486, 4177, 5024, 4986, 5473, 6290, 6594, 6206, 6832, 7078, 7385, 7451, 0]","[1, 3, 5, 7, 9, 11, 13, 15, 17, 19, 21, 23, 25, 27, 29, 31, 33, 35, 37, 39, 41, 43, 45, 47]"
66a0fbfd52a85e69af5dd200,0,5,bad,90242,14,66,131,"[0, 836, 1598, 2407, 3470, 4597, 5289, 6355, 7500, 8474, 9782, 10762, 11743, 0]","[1, 6, 11, 16, 21, 26, 31, 36, 41, 46, 51, 56, 61, 66]"
66a0fbfd52a85e69af5dd200,0,6,bad,67350,12,56,116,"[0, 1080, 1877, 2570, 3448, 4774, 5718, 6728, 8090, 8753, 9276, 0]","[1, 6, 11, 16, 21, 26, 31, 36, 41, 46, 51, 56]"
66a0fbfd52a85e69af5dd200,0,7,bad,82989,13,61,119,"[0, 820, 1570, 2566, 3132, 4884, 5246, 6863, 9544, 9700, 11115, 7569, 4446]","[1, 6, 11, 16, 21, 26, 31, 36, 41, 46, 51, 56, 61]"
66a0fbfd52a85e69af5dd200,1,0,good,53799,16,31,148,"[0, 327, 613, 1090, 1235, 1619, 1890, 2243, 2697, 3132, 3297, 3801, 4075, 4621, 4643, 0]","[1, 3, 5, 7, 9, 11, 13, 15, 17, 19, 21, 23, 25, 27, 29, 31]"
66a0fbfd52a85e69af5dd200,1,1,bad,49676,11,51,101,"[0, 772, 1657, 2288, 3329, 3898, 4834, 5682, 6964, 7872, 0]","[1, 6, 11, 16, 21, 26, 31, 36, 41, 46, 51]"
66a0fbfd52a85e69af5dd200,1,2,bad,52867,11,51,98,"[0, 879, 1768, 2643, 3701, 4935, 5223, 6386, 7125, 8154, 0]","[1, 6, 11, 16, 21, 26, 31, 36, 41, 46, 51]"
66a0fbfd52a85e69af5dd200,1,3,bad,59042,12,56,112,"[0, 831, 1666, 2470, 3132, 4165, 4966, 5807, 6814, 7431, 8070, 0]","[1, 6, 11, 16, 21, 26, 31, 36, 41, 46, 51, 56]"
66a0fbfd52a85e69af5dd200,1,4,good,55293,16,31,148,"[0, 353, 719, 1101, 1460, 1707, 1888, 2428, 2696, 3176, 3255, 3634, 4179, 4043, 4290, 0]","[1, 3, 5, 7, 9, 11, 13, 15, 17, 19, 21, 23, 25, 27, 29, 31]"
66a0fbfd52a85e69af5dd200,1,5,good,52824,16,31,152,"[0, 323, 656, 1011, 1325, 1594, 1877, 2135, 2631, 2773, 3235, 3389, 3989, 3986, 4718, 0]","[1, 3, 5, 7, 9, 11, 13, 15, 17, 19, 21, 23, 25, 27, 29, 31]"
66a0fbfd52a85e69af5dd200,1,6,bad,59467,12,56,111,"[0, 875, 1639, 2464, 3207, 4265, 4932, 6063, 7060, 7778, 8045, 0]","[1, 6, 11, 16, 21, 26, 31, 36, 41, 46, 51, 56]"
66a0fbfd52a85e69af5dd200,1,7,bad,52938,11,51,100,"[0, 906, 1795, 2793, 3740, 4556, 5638, 6572, 7188, 7663, 0]","[1, 6, 11, 16, 21, 26, 31, 36, 41, 46, 51]"
66a0fbfd52a85e69af5dd200,1,8,bad,62618,12,56,108,"[0, 918, 1786, 2690, 3355, 4402, 5512, 6617, 7261, 7696, 8533, 0]","[1, 6, 11, 16, 21, 26, 31, 36, 41, 46, 51, 56]"
66a0fbfd52a85e69af5dd200,1,9,good,21994,10,19,84,"[0, 318, 672, 912, 1226, 1564, 1911, 2151, 2541, 0]","[1, 3, 5, 7, 9, 11, 13, 15, 17, 19]"
66a0fbfd52a85e69af5dd200,1,10,good,15875,8,15,71,"[0, 310, 657, 1008, 1374, 1786, 2140, 0]","[1, 3, 5, 7, 9, 11, 13, 15]"
66a0fbfd52a85e69af5dd200,1,11,bad,49773,11,51,98,"[0, 911, 1704, 2439, 3462, 3967, 4693, 6011, 6993, 7462, 0]","[1, 6, 11, 16, 21, 26, 31, 36, 41, 46, 51]"
66a0fbfd52a85e69af5dd200,1,12,good,37173,13,25,124,"[0, 341, 690, 1130, 1406, 1761, 2089, 2622, 2702, 2852, 3140, 3239, 0]","[1, 3, 5, 7, 9, 11, 13, 15, 17, 19, 21, 23, 25]"
66a0fbfd52a85e69af5dd200,1,13,good,19491,9,17,80,"[0, 342, 695, 1009, 1426, 1782, 2128, 2247, 0]","[1, 3, 5, 7, 9, 11, 13, 15, 17]"
66a0fbfd52a85e69af5dd200,1,14,bad,26303,8,36,69,"[0, 840, 1648, 2642, 3403, 4081, 4734, 0]","[1, 6, 11, 16, 21, 26, 31, 36]"
66a0fbfd52a85e69af5dd200,1,15,good,24393,10,19,88,"[0, 352, 655, 1037, 1355, 1726, 2193, 2335, 3222, 0]","[1, 3, 5, 7, 9, 11, 13, 15, 17, 19]"
66a0fbfd52a85e69af5dd200,1,16,good,23869,10,19,88,"[0, 346, 721, 1040, 1371, 1756, 2150, 2553, 2877, 0]","[1, 3, 5, 7, 9, 11, 13, 15, 17, 19]"
66a0fbfd52a85e69af5dd200,1,17,bad,25563,8,36,70,"[0, 868, 1758, 2516, 3385, 4062, 4255, 0]","[1, 6, 11, 16, 21, 26, 31, 36]"
66a0fbfd52a85e69af5dd200,1,18,good,29641,12,23,112,"[0, 360, 693, 967, 1253, 1625, 1726, 1989, 2249, 2686, 3065, 0]","[1, 3, 5, 7, 9, 11, 13, 15, 17, 19, 21, 23]"
66a0fbfd52a85e69af5dd200,1,19,good,20842,9,17,83,"[0, 342, 664, 1033, 1328, 1872, 2323, 1821, 1712]","[1, 3, 5, 7, 9, 11, 13, 15, 17]"
5d268981c22768000166c7c7,0,0,bad,9592,4,16,33,"[0, 2475, 2004, 0]","[1, 6, 11, 16]"
5d268981c22768000166c7c7,0,1,bad,24558,8,36,70,"[0, 960, 1638, 2296, 3006, 3390, 4392, 0]","[1, 6, 11, 16, 21, 26, 31, 36]"
5d268981c22768000166c7c7,0,2,good,45343,15,29,140,"[0, 300, 628, 942, 1092, 1302, 1799, 1896, 2052, 2175, 3183, 3285, 3526, 3962, 0]","[1, 3, 5, 7, 9, 11, 13, 15, 17, 19, 21, 23, 25, 27, 29]"
5d268981c22768000166c7c7,0,3,good,25583,11,21,101,"[0, 322, 581, 911, 1172, 1503, 1689, 2134, 2438, 2796, 0]","[1, 3, 5, 7, 9, 11, 13, 15, 17, 19, 21]"
5d268981c22768000166c7c7,0,4,bad,27380,8,36,69,"[0, 816, 1495, 2853, 3046, 4236, 5188, 0]","[1, 6, 11, 16, 21, 26, 31, 36]"
5d268981c22768000166c7c7,0,5,good,35142,13,25,119,"[0, 458, 654, 930, 1302, 1571, 1797, 1992, 2323, 2540, 2979, 3285, 0]","[1, 3, 5, 7, 9, 11, 13, 15, 17, 19, 21, 23, 25]"
5d268981c22768000166c7c7,0,6,good,41604,14,27,130,"[0, 316, 590, 954, 1168, 1518, 1889, 2115, 2582, 2963, 2929, 3384, 3598, 0]","[1, 3, 5, 7, 9, 11, 13, 15, 17, 19, 21, 23, 25, 27]"
5d268981c22768000166c7c7,0,7,good,51661,16,31,156,"[0, 339, 705, 1005, 1275, 1611, 1847, 2286, 2560, 3073, 3494, 3294, 3872, 3609, 3966, 0]","[1, 3, 5, 7, 9, 11, 13, 15, 17, 19, 21, 23, 25, 27, 29, 31]"
5d268981c22768000166c7c7,0,8,good,46918,15,29,140,"[0, 334, 663, 977, 1326, 1677, 1985, 2296, 2724, 2742, 3264, 3549, 3835, 4179, 0]","[1, 3, 5, 7, 9, 11, 13, 15, 17, 19, 21, 23, 25, 27, 29]"
5d268981c22768000166c7c7,0,9,good,47889,15,29,140,"[0, 344, 697, 1043, 1346, 1692, 2074, 2399, 2559, 3047, 3467, 3826, 4188, 3654, 0]","[1, 3, 5, 7, 9, 11, 13, 15, 17, 19, 21, 23, 25, 27, 29]"
5d268981c22768000166c7c7,0,10,good,107670,24,47,230,"[0, 372, 644, 936, 1275, 1643, 2835, 2205, 2085, 2524, 2550, 3598, 3898, 3937, 3964, 4289, 5082, 4570, 5162, 5448, 5221, 6228, 6804, 0]","[1, 3, 5, 7, 9, 11, 13, 15, 17, 19, 21, 23, 25, 27, 29, 31, 33, 35, 37, 39, 41, 43, 45, 47]"
5d268981c22768000166c7c7,0,11,bad,55787,12,56,112,"[0, 897, 1091, 1941, 2871, 3243, 4230, 4812, 5978, 6068, 7257, 0]","[1, 6, 11, 16, 21, 26, 31, 36, 41, 46, 51, 56]"
5d268981c22768000166c7c7,0,12,bad,33528,9,41,82,"[0, 805, 1225, 2295, 3282, 3914, 4660, 5617, 0]","[1, 6, 11, 16, 21, 26, 31, 36, 41]"
5d268981c22768000166c7c7,0,13,good,53830,16,31,153,"[0, 288, 484, 989, 1053, 1365, 1596, 2016, 2074, 2694, 3078, 3268, 3318, 4047, 4254, 0]","[1, 3, 5, 7, 9, 11, 13, 15, 17, 19, 21, 23, 25, 27, 29, 31]"
5d268981c22768000166c7c7,0,14,good,41183,14,27,130,"[0, 276, 522, 921, 1022, 1338, 1716, 2115, 2146, 2592, 2952, 3069, 3817, 0]","[1, 3, 5, 7, 9, 11, 13, 15, 17, 19, 21, 23, 25, 27]"
5d268981c22768000166c7c7,0,15,good,37633,13,25,117,"[0, 257, 687, 811, 1326, 1313, 1581, 2403, 2403, 2650, 3177, 3961, 0]","[1, 3, 5, 7, 9, 11, 13, 15, 17, 19, 21, 23, 25]"
5d268981c22768000166c7c7,0,16,good,41878,13,25,118,"[0, 275, 654, 757, 1443, 1309, 1698, 2006, 2763, 2766, 3246, 3975, 3892]","[1, 3, 5, 7, 9, 11, 13, 15, 17, 19, 21, 23, 25]"
5d268981c22768000166c7c7,1,0,good,21427,10,19,90,"[0, 429, 624, 876, 1129, 1302, 1677, 1998, 2430, 0]","[1, 3, 5, 7, 9, 11, 13, 15, 17, 19]"
5d268981c22768000166c7c7,1,1,bad,13315,6,26,50,"[0, 732, 1435, 2142, 3020, 0]","[1, 6, 11, 16, 21, 26]"
5d268981c22768000166c7c7,1,2,bad,25263,8,36,66,"[0, 1369, 2007, 1706, 2922, 3069, 4862, 0]","[1, 6, 11, 16, 21, 26, 31, 36]"
5d268981c22768000166c7c7,1,3,bad,24650,8,36,68,"[0, 701, 1454, 1965, 2810, 3558, 4172, 0]","[1, 6, 11, 16, 21, 26, 31, 36]"
5d268981c22768000166c7c7,1,4,bad,30832,9,41,83,"[0, 625, 1257, 1884, 2551, 4113, 4059, 4989, 0]","[1, 6, 11, 16, 21, 26, 31, 36, 41]"
5d268981c22768000166c7c7,1,5,bad,24793,8,36,72,"[0, 561, 1230, 2239, 2749, 3300, 4981, 0]","[1, 6, 11, 16, 21, 26, 31, 36]"
5d268981c22768000166c7c7,1,6,good,62165,18,35,163,"[0, 283, 537, 977, 1089, 1356, 1442, 1838, 2087, 2518, 2751, 3141, 3570, 4171, 3882, 4139, 4252, 0]","[1, 3, 5, 7, 9, 11, 13, 15, 17, 19, 21, 23, 25, 27, 29, 31, 33, 35]"
5d268981c22768000166c7c7,1,7,bad,25005,8,36,66,"[0, 697, 1362, 2034, 2657, 3867, 4837, 0]","[1, 6, 11, 16, 21, 26, 31, 36]"
5d268981c22768000166c7c7,1,8,good,26018,11,21,93,"[0, 337, 605, 876, 1167, 1267, 1902, 1739, 2373, 2137, 0]","[1, 3, 5, 7, 9, 11, 13, 15, 17, 19, 21]"
5d268981c22768000166c7c7,1,9,bad,24280,8,36,71,"[0, 588, 1431, 1924, 2618, 3674, 4508, 0]","[1, 6, 11, 16, 21, 26, 31, 36]"
5d268981c22768000166c7c7,1,10,good,29986,12,23,109,"[0, 291, 541, 864, 1262, 1314, 1572, 2292, 2177, 2948, 2772, 0]","[1, 3, 5, 7, 9, 11, 13, 15, 17, 19, 21, 23]"
5d268981c22768000166c7c7,1,11,good,35601,13,25,119,"[0, 245, 573, 739, 1168, 1796, 1740, 2232, 2268, 2964, 2994, 3054, 0]","[1, 3, 5, 7, 9, 11, 13, 15, 17, 19, 21, 23, 25]"
5d268981c22768000166c7c7,1,12,bad,24991,8,36,71,"[0, 633, 1309, 2019, 3288, 3632, 4962, 0]","[1, 6, 11, 16, 21, 26, 31, 36]"
5d268981c22768000166c7c7,1,13,bad,19957,7,31,63,"[0, 859, 1358, 2184, 3413, 4064, 0]","[1, 6, 11, 16, 21, 26, 31]"
5d268981c22768000166c7c7,1,14,bad,26803,8,36,69,"[0, 881, 1419, 2192, 2903, 4050, 5505, 0]","[1, 6, 11, 16, 21, 26, 31, 36]"
5d268981c22768000166c7c7,1,15,bad,20729,7,31,57,"[0, 941, 1504, 2249, 3342, 4366, 0]","[1, 6, 11, 16, 21, 26, 31]"
5d268981c22768000166c7c7,1,16,good,28474,11,21,95,"[0, 288, 572, 843, 1284, 1521, 2073, 2214, 3102, 2886, 0]","[1, 3, 5, 7, 9, 11, 13, 15, 17, 19, 21]"
5d268981c22768000166c7c7,1,17,good,38203,13,25,120,"[0, 294, 653, 924, 1290, 1497, 1790, 2235, 2691, 3372, 3177, 3525, 0]","[1, 3, 5, 7, 9, 11, 13, 15, 17, 19, 21, 23, 25]"
5d268981c22768000166c7c7,1,18,good,36865,13,25,121,"[0, 271, 582, 933, 1158, 1452, 1794, 2071, 2391, 2763, 3732, 3482, 0]","[1, 3, 5, 7, 9, 11, 13, 15, 17, 19, 21, 23, 25]"
5d268981c22768000166c7c7,1,19,bad,26368,8,36,69,"[0, 742, 1509, 2132, 2911, 3748, 5235, 0]","[1, 6, 11, 16, 21, 26, 31, 36]"
5d268981c22768000166c7c7,1,20,bad,26679,8,36,66,"[0, 642, 1527, 2163, 2803, 4516, 5226, 0]","[1, 6, 11, 16, 21, 26, 31, 36]"
5d268981c22768000166c7c7,1,21,bad,27215,8,36,69,"[0, 882, 1448, 2141, 2980, 3779, 5812, 0]","[1, 6, 11, 16, 21, 26, 31, 36]"
5d268981c22768000166c7c7,1,22,bad,27207,8,36,66,"[0, 698, 1437, 2088, 2955, 4311, 5603, 0]","[1, 6, 11, 16, 21, 26, 31, 36]"
5d268981c22768000166c7c7,1,23,bad,26986,8,36,71,"[0, 700, 1413, 2422, 2763, 4282, 5049, 0]","[1, 6, 11, 16, 21, 26, 31, 36]"
5d268981c22768000166c7c7,1,24,bad,19755,7,31,58,"[0, 690, 1416, 2157, 3276, 4173, 0]","[1, 6, 11, 16, 21, 26, 31]"
5d268981c22768000166c7c7,1,25,good,27607,11,21,97,"[0, 270, 534, 882, 1203, 1454, 1689, 2641, 2362, 3183, 0]","[1, 3, 5, 7, 9, 11, 13, 15, 17, 19, 21]"
5d268981c22768000166c7c7,1,26,good,33656,12,23,112,"[0, 285, 516, 774, 1222, 1423, 1941, 2040, 2768, 2926, 3089, 1947]","[1, 3, 5, 7, 9, 11, 13, 15, 17, 19, 21, 23]"
66a18ca34dd5ac0a73571bd8,0,0,good,1330,2,3,9,"[0, 0]","[1, 3]"
66a18ca34dd5ac0a73571bd8,0,1,bad,46998,10,46,88,"[0, 2377, 3153, 3132, 3923, 3946, 4695, 5471, 6186, 0]","[1, 6, 11, 16, 21, 26, 31, 36, 41, 46]"
66a18ca34dd5ac0a73571bd8,0,2,bad,78465,14,66,130,"[0, 1060, 1803, 2391, 2997, 3714, 4398, 5242, 6188, 7026, 7902, 8616, 9142, 0]","[1, 6, 11, 16, 21, 26, 31, 36, 41, 46, 51, 56, 61, 66]"
66a18ca34dd5ac0a73571bd8,0,3,bad,106305,16,76,147,"[0, 938, 1683, 2492, 3856, 4104, 4910, 6062, 6641, 7145, 8011, 9066, 9991, 10389, 11279, 0]","[1, 6, 11, 16, 21, 26, 31, 36, 41, 46, 51, 56, 61, 66, 71, 76]"
66a18ca34dd5ac0a73571bd8,0,4,good,229385,35,69,352,"[0, 350, 688, 1012, 1360, 1833, 2095, 2530, 2928, 3402, 3856, 4172, 4515, 4935, 5212, 5055, 5383, 5661, 5869, 6207, 6365, 6672, 7003, 7280, 7686, 7827, 8330, 8582, 8971, 9216, 9596, 10011, 10556, 10524, 0]","[1, 3, 5, 7, 9, 11, 13, 15, 17, 19, 21, 23, 25, 27, 29, 31, 33, 35, 37, 39, 41, 43, 45, 47, 49, 51, 53, 55, 57, 59, 61, 63, 65, 67, 69]"
66a18ca34dd5ac0a73571bd8,0,5,bad,94613,15,71,141,"[0, 928, 1691, 2647, 3604, 4318, 5282, 6558, 6823, 8077, 8088, 9162, 9724, 10697, 0]","[1, 6, 11, 16, 21, 26, 31, 36, 41, 46, 51, 56, 61, 66, 71]"
66a18ca34dd5ac0a73571bd8,0,6,good,28789,11,21,101,"[0, 332, 683, 1013, 1389, 1897, 2173, 2551, 2950, 3374, 0]","[1, 3, 5, 7, 9, 11, 13, 15, 17, 19, 21]"
66a18ca34dd5ac0a73571bd8,0,7,bad,62678,12,56,110,"[0, 824, 1658, 2691, 3294, 3853, 5010, 5771, 7926, 8156, 8852, 0]","[1, 6, 11, 16, 21, 26, 31, 36, 41, 46, 51, 56]"
66a18ca34dd5ac0a73571bd8,0,8,good,50432,14,27,128,"[0, 388, 714, 1131, 2736, 3037, 2152, 3100, 3073, 3942, 4201, 4147, 4583, 0]","[1, 3, 5, 7, 9, 11, 13, 15, 17, 19, 21, 23, 25, 27]"
66a18ca34dd5ac0a73571bd8,0,9,good,70750,19,37,179,"[0, 373, 870, 1081, 1646, 1782, 2257, 2594, 2856, 2664, 3033, 3706, 4196, 4161, 4146, 4369, 4575, 5135, 0]","[1, 3, 5, 7, 9, 11, 13, 15, 17, 19, 21, 23, 25, 27, 29, 31, 33, 35, 37]"
66a18ca34dd5ac0a73571bd8,0,10,good,22036,10,19,91,"[0, 310, 582, 811, 1073, 1345, 1783, 2038, 2281, 319]","[1, 3, 5, 7, 9, 11, 13, 15, 17, 19]"
66a18ca34dd5ac0a73571bd8,1,0,good,32698,12,23,108,"[0, 349, 709, 1023, 1452, 1719, 2314, 2572, 2574, 2941, 3708, 0]","[1, 3, 5, 7, 9, 11, 13, 15, 17, 19, 21, 23]"
66a18ca34dd5ac0a73571bd8,1,1,good,29382,11,21,100,"[0, 327, 712, 998, 1814, 1688, 2265, 2375, 2880, 3365, 0]","[1, 3, 5, 7, 9, 11, 13, 15, 17, 19, 21]"
66a18ca34dd5ac0a73571bd8,1,2,good,29584,11,21,99,"[0, 366, 820, 1043, 1305, 1719, 2232, 2496, 2838, 3074, 0]","[1, 3, 5, 7, 9, 11, 13, 15, 17, 19, 21]"
66a18ca34dd5ac0a73571bd8,1,3,bad,53736,11,51,96,"[0, 1304, 1633, 2573, 4065, 4817, 5388, 6304, 6879, 7894, 0]","[1, 6, 11, 16, 21, 26, 31, 36, 41, 46, 51]"
66a18ca34dd5ac0a73571bd8,1,4,bad,72190,13,61,124,"[0, 986, 1654, 2552, 3509, 4541, 5414, 5874, 7325, 7630, 9049, 9399, 0]","[1, 6, 11, 16, 21, 26, 31, 36, 41, 46, 51, 56, 61]"
66a18ca34dd5ac0a73571bd8,1,5,bad,84003,14,66,132,"[0, 880, 1734, 2414, 3657, 4633, 5688, 6161, 7106, 7544, 8538, 9695, 10365, 0]","[1, 6, 11, 16, 21, 26, 31, 36, 41, 46, 51, 56, 61, 66]"
66a18ca34dd5ac0a73571bd8,1,6,good,207363,32,63,310,"[0, 397, 708, 1029, 1392, 1871, 2000, 2523, 3171, 3104, 3876, 4301, 4770, 4996, 5002, 5349, 6131, 6044, 6519, 6936, 6932, 7656, 7737, 8269, 8565, 9707, 8885, 9998, 10016, 10310, 10456, 0]","[1, 3, 5, 7, 9, 11, 13, 15, 17, 19, 21, 23, 25, 27, 29, 31, 33, 35, 37, 39, 41, 43, 45, 47, 49, 51, 53, 55, 57, 59, 61, 63]"
66a18ca34dd5ac0a73571bd8,1,7,good,50957,15,29,137,"[0, 374, 744, 1084, 1451, 1749, 2357, 2628, 3015, 3528, 3640, 4444, 4813, 4517, 0]","[1, 3, 5, 7, 9, 11, 13, 15, 17, 19, 21, 23, 25, 27, 29]"
66a18ca34dd5ac0a73571bd8,1,8,bad,61011,12,56,111,"[0, 836, 1647, 2620, 3876, 4262, 5397, 6138, 6700, 7461, 8750, 0]","[1, 6, 11, 16, 21, 26, 31, 36, 41, 46, 51, 56]"
66a18ca34dd5ac0a73571bd8,1,9,good,24279,10,19,88,"[0, 353, 778, 1056, 1414, 1902, 2201, 2663, 2881, 0]","[1, 3, 5, 7, 9, 11, 13, 15, 17, 19]"
66a18ca34dd5ac0a73571bd8,1,10,bad,21627,7,31,62,"[0, 883, 1721, 2737, 3876, 4773, 0]","[1, 6, 11, 16, 21, 26, 31]"
66a18ca34dd5ac0a73571bd8,1,11,bad,45035,10,46,86,"[0, 922, 1816, 2812, 4042, 4728, 5598, 6535, 7285, 0]","[1, 6, 11, 16, 21, 26, 31, 36, 41, 46]"
66a18ca34dd5ac0a73571bd8,1,12,good,20361,9,17,78,"[0, 405, 699, 1059, 1444, 1807, 2405, 2496, 0]","[1, 3, 5, 7, 9, 11, 13, 15, 17]"
66a18ca34dd5ac0a73571bd8,1,13,good,20255,9,17,82,"[0, 372, 750, 1086, 1369, 1764, 2277, 2462, 0]","[1, 3, 5, 7, 9, 11, 13, 15, 17]"
66a18ca34dd5ac0a73571bd8,1,14,good,24717,10,19,87,"[0, 323, 699, 1046, 1433, 1740, 2281, 2611, 3497, 0]","[1, 3, 5, 7, 9, 11, 13, 15, 17, 19]"
66a18ca34dd5ac0a73571bd8,1,15,bad,36246,9,41,81,"[0, 894, 1844, 2603, 3560, 3931, 4815, 5540, 3288]","[1, 6, 11, 16, 21, 26, 31, 36, 41]"
669d506f9b7f57ae6e07f5b6,0,0,good,1778,2,3,10,"[0, 521]","[1, 3]"
669d506f9b7f57ae6e07f5b6,0,1,good,0,0,1,0,[],[]
669d506f9b7f57ae6e07f5b6,0,2,bad,49716,9,41,81,"[0, 3205, 3497, 4627, 3915, 5822, 5059, 6054, 5658]","[1, 6, 11, 16, 21, 26, 31, 36, 41]"
669d506f9b7f57ae6e07f5b6,0,3,good,69146,17,33,157,"[0, 391, 613, 1129, 1498, 1991, 2459, 2680, 2883, 3818, 4009, 4230, 5165, 5872, 6897, 5714, 0]","[1, 3, 5, 7, 9, 11, 13, 15, 17, 19, 21, 23, 25, 27, 29, 31, 33]"
669d506f9b7f57ae6e07f5b6,0,4,bad,12887,5,21,42,"[0, 874, 2009, 2931, 2252]","[1, 6, 11, 16, 21]"
669d506f9b7f57ae6e07f5b6,0,5,good,12104,7,13,58,"[0, 380, 653, 1043, 1402, 1744, 0]","[1, 3, 5, 7, 9, 11, 13]"
669d506f9b7f57ae6e07f5b6,0,6,bad,10803,5,21,40,"[0, 1046, 1991, 2696, 0]","[1, 6, 11, 16, 21]"
669d506f9b7f57ae6e07f5b6,0,7,good,12729,7,13,58,"[0, 323, 693, 1026, 1393, 1884, 0]","[1, 3, 5, 7, 9, 11, 13]"
669d506f9b7f57ae6e07f5b6,0,8,bad,10672,5,21,40,"[0, 983, 2158, 2584, 0]","[1, 6, 11, 16, 21]"
669d506f9b7f57ae6e07f5b6,0,9,bad,22569,7,31,61,"[0, 844, 1734, 3155, 4245, 5101, 0]","[1, 6, 11, 16, 21, 26, 31]"
669d506f9b7f57ae6e07f5b6,0,10,bad,23643,7,31,60,"[0, 1076, 1948, 3219, 4577, 5282, 0]","[1, 6, 11, 16, 21, 26, 31]"
669d506f9b7f57ae6e07f5b6,0,11,bad,16925,6,26,52,"[0, 893, 1940, 3177, 4346, 0]","[1, 6, 11, 16, 21, 26]"
669d506f9b7f57ae6e07f5b6,0,12,bad,11694,5,21,40,"[0, 1017, 2089, 3098, 0]","[1, 6, 11, 16, 21]"
669d506f9b7f57ae6e07f5b6,0,13,good,14441,7,13,58,"[0, 407, 719, 1137, 1728, 2392, 0]","[1, 3, 5, 7, 9, 11, 13]"
669d506f9b7f57ae6e07f5b6,0,14,bad,16800,6,26,50,"[0, 874, 1804, 3161, 4096, 0]","[1, 6, 11, 16, 21, 26]"
669d506f9b7f57ae6e07f5b6,0,15,good,18541,8,15,66,"[0, 360, 861, 1041, 1600, 1852, 2743, 0]","[1, 3, 5, 7, 9, 11, 13, 15]"
669d506f9b7f57ae6e07f5b6,0,16,bad,27032,7,31,64,"[0, 968, 1772, 3125, 5517, 6898, 933]","[1, 6, 11, 16, 21, 26, 31]"
669d506f9b7f57ae6e07f5b6,0,17,good,24562,8,15,71,"[0, 368, 1832, 1692, 3424, 3176, 4401, 0]","[1, 3, 5, 7, 9, 11, 13, 15]"
669d506f9b7f57ae6e07f5b6,0,18,good,26471,9,17,80,"[0, 266, 950, 1609, 2268, 2238, 2613, 2460, 0]","[1, 3, 5, 7, 9, 11, 13, 15, 17]"
669d506f9b7f57ae6e07f5b6,0,19,good,19170,8,15,70,"[0, 389, 734, 1370, 1887, 2784, 2398, 0]","[1, 3, 5, 7, 9, 11, 13, 15]"
669d506f9b7f57ae6e07f5b6,0,20,good,28030,10,19,90,"[0, 408, 812, 1282, 2163, 2459, 2750, 3220, 3742, 0]","[1, 3, 5, 7, 9, 11, 13, 15, 17, 19]"
669d506f9b7f57ae6e07f5b6,0,21,good,13652,7,13,62,"[0, 379, 799, 1113, 1614, 2463, 0]","[1, 3, 5, 7, 9, 11, 13]"
669d506f9b7f57ae6e07f5b6,0,22,bad,18567,6,26,53,"[0, 1538, 1906, 2783, 4518, 0]","[1, 6, 11, 16, 21, 26]"
669d506f9b7f57ae6e07f5b6,0,23,bad,17356,6,26,48,"[0, 1368, 2557, 2692, 4562, 0]","[1, 6, 11, 16, 21, 26]"
669d506f9b7f57ae6e07f5b6,0,24,bad,21679,6,26,53,"[0, 926, 3504, 5441, 4479, 0]","[1, 6, 11, 16, 21, 26]"
669d506f9b7f57ae6e07f5b6,0,25,good,25144,10,19,89,"[0, 300, 606, 1076, 1298, 2025, 2622, 3001, 3507, 0]","[1, 3, 5, 7, 9, 11, 13, 15, 17, 19]"
669d506f9b7f57ae6e07f5b6,0,26,good,8974,6,11,49,"[0, 316, 617, 934, 1403, 0]","[1, 3, 5, 7, 9, 11]"
669d506f9b7f57ae6e07f5b6,0,27,bad,14965,6,26,48,"[0, 1039, 1712, 2431, 2937, 0]","[1, 6, 11, 16, 21, 26]"
669d506f9b7f57ae6e07f5b6,0,28,bad,15449,6,26,48,"[0, 690, 1651, 2493, 3893, 0]","[1, 6, 11, 16, 21, 26]"
669d506f9b7f57ae6e07f5b6,0,29,bad,10134,5,21,41,"[0, 700, 1693, 2226, 931]","[1, 6, 11, 16, 21]"
669d506f9b7f57ae6e07f5b6,1,0,bad,17944,7,31,60,"[0, 707, 1444, 2171, 2951, 3802, 0]","[1, 6, 11, 16, 21, 26, 31]"
669d506f9b7f57ae6e07f5b6,1,1,bad,18785,7,31,61,"[0, 726, 1379, 2180, 3287, 3699, 0]","[1, 6, 11, 16, 21, 26, 31]"
669d506f9b7f57ae6e07f5b6,1,2,bad,19329,7,31,63,"[0, 749, 1787, 2386, 3302, 3807, 0]","[1, 6, 11, 16, 21, 26, 31]"
669d506f9b7f57ae6e07f5b6,1,3,bad,24931,8,36,73,"[0, 1285, 1532, 2773, 3329, 3684, 4364, 0]","[1, 6, 11, 16, 21, 26, 31, 36]"
669d506f9b7f57ae6e07f5b6,1,4,bad,27297,8,36,67,"[0, 748, 1725, 2414, 3978, 4836, 4609, 0]","[1, 6, 11, 16, 21, 26, 31, 36]"
669d506f9b7f57ae6e07f5b6,1,5,good,25382,10,19,91,"[0, 486, 707, 1266, 1590, 1910, 2658, 2665, 3012, 0]","[1, 3, 5, 7, 9, 11, 13, 15, 17, 19]"
669d506f9b7f57ae6e07f5b6,1,6,good,22833,10,19,94,"[0, 297, 590, 933, 1344, 1616, 2149, 2166, 2579, 0]","[1, 3, 5, 7, 9, 11, 13, 15, 17, 19]"
669d506f9b7f57ae6e07f5b6,1,7,good,17976,9,17,79,"[0, 361, 809, 978, 1210, 1628, 1940, 2051, 0]","[1, 3, 5, 7, 9, 11, 13, 15, 17]"
669d506f9b7f57ae6e07f5b6,1,8,good,15556,8,15,70,"[0, 287, 603, 1087, 1471, 1981, 1716, 0]","[1, 3, 5, 7, 9, 11, 13, 15]"
669d506f9b7f57ae6e07f5b6,1,9,good,9163,6,11,47,"[0, 286, 651, 972, 1347, 0]","[1, 3, 5, 7, 9, 11]"
669d506f9b7f57ae6e07f5b6,1,10,bad,18070,7,31,57,"[0, 842, 1491, 2347, 3110, 3579, 0]","[1, 6, 11, 16, 21, 26, 31]"
669d506f9b7f57ae6e07f5b6,1,11,good,22199,9,17,77,"[0, 315, 611, 942, 1519, 1754, 2862, 3482, 0]","[1, 3, 5, 7, 9, 11, 13, 15, 17]"
669d506f9b7f57ae6e07f5b6,1,12,bad,23540,7,31,62,"[0, 1199, 1799, 3047, 4901, 5179, 0]","[1, 6, 11, 16, 21, 26, 31]"
669d506f9b7f57ae6e07f5b6,1,13,good,25010,10,19,89,"[0, 328, 632, 1050, 1782, 2255, 2410, 3115, 2441, 0]","[1, 3, 5, 7, 9, 11, 13, 15, 17, 19]"
669d506f9b7f57ae6e07f5b6,1,14,bad,16366,6,26,50,"[0, 1020, 1849, 2967, 3829, 236]","[1, 6, 11, 16, 21, 26]"
669d506f9b7f57ae6e07f5b6,1,15,good,14421,7,13,59,"[0, 328, 708, 1326, 1526, 2280, 0]","[1, 3, 5, 7, 9, 11, 13]"
669d506f9b7f57ae6e07f5b6,1,16,bad,16873,6,26,46,"[0, 995, 2537, 2870, 4103, 0]","[1, 6, 11, 16, 21, 26]"
669d506f9b7f57ae6e07f5b6,1,17,good,21107,9,17,83,"[0, 557, 793, 1101, 1520, 1961, 2457, 2832, 0]","[1, 3, 5, 7, 9, 11, 13, 15, 17]"
669d506f9b7f57ae6e07f5b6,1,18,good,16928,8,15,67,"[0, 409, 892, 981, 1455, 1731, 2425, 0]","[1, 3, 5, 7, 9, 11, 13, 15]"
669d506f9b7f57ae6e07f5b6,1,19,bad,15262,6,26,51,"[0, 815, 1898, 2666, 3746, 0]","[1, 6, 11, 16, 21, 26]"
669d506f9b7f57ae6e07f5b6,1,20,good,13918,7,13,62,"[0, 316, 767, 1070, 1697, 1979, 0]","[1, 3, 5, 7, 9, 11, 13]"
669d506f9b7f57ae6e07f5b6,1,21,bad,16907,6,26,49,"[0, 1189, 2123, 2892, 3744, 572]","[1, 6, 11, 16, 21, 26]"
669d506f9b7f57ae6e07f5b6,1,22,good,13717,7,13,59,"[0, 391, 766, 1164, 1549, 1834, 0]","[1, 3, 5, 7, 9, 11, 13]"
669d506f9b7f57ae6e07f5b6,1,23,bad,11652,5,21,42,"[0, 1065, 2000, 3238, 0]","[1, 6, 11, 16, 21]"
669d506f9b7f57ae6e07f5b6,1,24,good,10165,6,11,50,"[0, 324, 1094, 1231, 1539, 0]","[1, 3, 5, 7, 9, 11]"
669d506f9b7f57ae6e07f5b6,1,25,good,12625,7,13,58,"[0, 339, 688, 1228, 1356, 1890, 0]","[1, 3, 5, 7, 9, 11, 13]"
669d506f9b7f57ae6e07f5b6,1,26,bad,10136,5,21,41,"[0, 842, 1729, 2558, 0]","[1, 6, 11, 16, 21]"
669d506f9b7f57ae6e07f5b6,1,27,good,9758,6,11,52,"[0, 441, 643, 1081, 1570, 0]","[1, 3, 5, 7, 9, 11]"
669d506f9b7f57ae6e07f5b6,1,28,bad,15880,6,26,50,"[0, 867, 1922, 2983, 4227, 0]","[1, 6, 11, 16, 21, 26]"
669d506f9b7f57ae6e07f5b6,1,29,bad,8782,5,21,40,"[0, 686, 1445, 2257, 0]","[1, 6, 11, 16, 21]"
669d506f9b7f57ae6e07f5b6,1,30,good,11892,7,13,59,"[0, 315, 588, 919, 1218, 1491, 0]","[1, 3, 5, 7, 9, 11, 13]"
669d506f9b7f57ae6e07f5b6,1,31,bad,8893,5,21,40,"[0, 714, 1586, 2206, 0]","[1, 6, 11, 16, 21]"
669d506f9b7f57ae6e07f5b6,1,32,good,7012,5,9,39,"[0, 341, 730, 1038, 0]","[1, 3, 5, 7, 9]"
669d506f9b7f57ae6e07f5b6,1,33,bad,15796,6,26,48,"[0, 854, 1863, 3282, 3873, 0]","[1, 6, 11, 16, 21, 26]"
669d506f9b7f57ae6e07f5b6,1,34,bad,10797,5,21,38,"[0, 824, 1780, 2675, 0]","[1, 6, 11, 16, 21]"
669d506f9b7f57ae6e07f5b6,1,35,bad,10357,5,21,43,"[0, 838, 1833, 2644, 426]","[1, 6, 11, 16, 21]"
669d506f9b7f57ae6e07f5b6,1,36,bad,10927,5,21,42,"[0, 812, 1781, 2784, 0]","[1, 6, 11, 16, 21]"
669d506f9b7f57ae6e07f5b6,1,37,good,13343,7,13,61,"[0, 352, 835, 1193, 1698, 1794, 0]","[1, 3, 5, 7, 9, 11, 13]"
669d506f9b7f57ae6e07f5b6,1,38,good,18114,8,15,68,"[0, 336, 1400, 1186, 1522, 2156, 2511, 486]","[1, 3, 5, 7, 9, 11, 13, 15]"
669d506f9b7f57ae6e07f5b6,1,39,bad,15772,6,26,48,"[0, 1246, 2023, 2914, 3519, 0]","[1, 6, 11, 16, 21, 26]"
669d506f9b7f57ae6e07f5b6,1,40,good,1441,2,3,11,"[0, 327]","[1, 3]"
66a218f455df3fda0c1230c1,0,0,good,149357,24,47,229,"[0, 1379, 1072, 1276, 1447, 1627, 1976, 2341, 2952, 5534, 6068, 5926, 4249, 4864, 5012, 5411, 6536, 6894, 7093, 7940, 10404, 9702, 12403, 2309]","[1, 3, 5, 7, 9, 11, 13, 15, 17, 19, 21, 23, 25, 27, 29, 31, 33, 35, 37, 39, 41, 43, 45, 47]"
66a218f455df3fda0c1230c1,0,1,good,9040,5,9,42,"[0, 831, 1311, 1794, 0]","[1, 3, 5, 7, 9]"
66a218f455df3fda0c1230c1,0,2,good,25687,9,17,79,"[0, 1066, 1074, 1656, 2223, 2302, 3488, 3523, 0]","[1, 3, 5, 7, 9, 11, 13, 15, 17]"
66a218f455df3fda0c1230c1,0,3,bad,25012,7,31,58,"[0, 1319, 1739, 2756, 3737, 6346, 0]","[1, 6, 11, 16, 21, 26, 31]"
66a218f455df3fda0c1230c1,0,4,bad,52090,10,46,90,"[0, 1182, 2016, 2852, 4198, 5647, 7241, 7377, 9088, 0]","[1, 6, 11, 16, 21, 26, 31, 36, 41, 46]"
66a218f455df3fda0c1230c1,0,5,bad,18693,6,26,47,"[0, 1501, 2156, 3864, 3599, 0]","[1, 6, 11, 16, 21, 26]"
66a218f455df3fda0c1230c1,0,6,bad,26818,7,31,61,"[0, 1141, 2247, 3488, 4488, 6481, 0]","[1, 6, 11, 16, 21, 26, 31]"
66a218f455df3fda0c1230c1,0,7,good,28246,9,17,79,"[0, 1168, 1222, 1273, 2409, 1934, 2275, 2611, 0]","[1, 3, 5, 7, 9, 11, 13, 15, 17]"
66a218f455df3fda0c1230c1,0,8,good,3838,3,5,21,"[0, 703, 0]","[1, 3, 5]"
66a218f455df3fda0c1230c1,0,9,good,7188,4,7,31,"[0, 1251, 1387, 0]","[1, 3, 5, 7]"
66a218f455df3fda0c1230c1,0,10,good,37376,11,21,97,"[0, 482, 973, 1433, 2462, 2981, 2648, 2958, 3514, 4060, 0]","[1, 3, 5, 7, 9, 11, 13, 15, 17, 19, 21]"
66a218f455df3fda0c1230c1,0,11,good,50138,13,25,119,"[0, 726, 772, 1328, 2049, 2515, 3810, 4096, 4970, 4113, 4938, 4891, 0]","[1, 3, 5, 7, 9, 11, 13, 15, 17, 19, 21, 23, 25]"
66a218f455df3fda0c1230c1,0,12,good,224406,28,55,268,"[0, 518, 792, 1281, 1665, 2085, 2893, 4344, 4311, 4527, 5608, 4916, 5384, 6436, 6989, 7112, 8203, 9014, 8852, 9111, 10224, 10267, 11352, 11415, 16594, 15774, 20299, 0]","[1, 3, 5, 7, 9, 11, 13, 15, 17, 19, 21, 23, 25, 27, 29, 31, 33, 35, 37, 39, 41, 43, 45, 47, 49, 51, 53, 55]"
66a218f455df3fda0c1230c1,0,13,bad,83474,11,51,101,"[0, 1389, 2232, 3204, 4427, 5742, 7392, 10878, 10643, 14077, 9717]","[1, 6, 11, 16, 21, 26, 31, 36, 41, 46, 51]"
66a218f455df3fda0c1230c1,1,0,bad,93325,12,56,110,"[0, 1618, 2056, 3157, 5275, 7690, 7098, 10951, 11393, 13332, 12753, 3179]","[1, 6, 11, 16, 21, 26, 31, 36, 41, 46, 51, 56]"
66a218f455df3fda0c1230c1,1,1,bad,74787,11,51,100,"[0, 1421, 2183, 2858, 4014, 5787, 12617, 7519, 10590, 11279, 0]","[1, 6, 11, 16, 21, 26, 31, 36, 41, 46, 51]"
66a218f455df3fda0c1230c1,1,2,bad,3891,3,11,19,"[0, 923, 0]","[1, 6, 11]"
66a218f455df3fda0c1230c1,1,3,bad,4971,3,11,21,"[0, 1362, 0]","[1, 6, 11]"
66a218f455df3fda0c1230c1,1,4,bad,1394,2,6,10,"[0, 0]","[1, 6]"
66a218f455df3fda0c1230c1,1,5,good,8717,5,9,40,"[0, 530, 1004, 1140, 0]","[1, 3, 5, 7, 9]"
66a218f455df3fda0c1230c1,1,6,bad,56214,10,46,86,"[0, 998, 2388, 2836, 4242, 6426, 7782, 8954, 10607, 0]","[1, 6, 11, 16, 21, 26, 31, 36, 41, 46]"
66a218f455df3fda0c1230c1,1,7,bad,5617,3,11,19,"[0, 1091, 0]","[1, 6, 11]"
66a218f455df3fda0c1230c1,1,8,bad,7455,4,16,30,"[0, 1093, 1861, 0]","[1, 6, 11, 16]"
66a218f455df3fda0c1230c1,1,9,bad,47590,9,41,82,"[0, 838, 3193, 3565, 4530, 6293, 8086, 10483, 0]","[1, 6, 11, 16, 21, 26, 31, 36, 41]"
66a218f455df3fda0c1230c1,1,10,bad,7327,4,16,33,"[0, 974, 1954, 0]","[1, 6, 11, 16]"
66a218f455df3fda0c1230c1,1,11,good,3182,3,5,21,"[0, 492, 0]","[1, 3, 5]"
66a218f455df3fda0c1230c1,1,12,bad,1741,2,6,10,"[0, 0]","[1, 6]"
66a218f455df3fda0c1230c1,1,13,good,1559,2,3,11,"[0, 0]","[1, 3]"
66a218f455df3fda0c1230c1,1,14,bad,1484,2,6,11,"[0, 0]","[1, 6]"
66a218f455df3fda0c1230c1,1,15,bad,17131,6,26,50,"[0, 1158, 1760, 2882, 4647, 0]","[1, 6, 11, 16, 21, 26]"
66a218f455df3fda0c1230c1,1,16,bad,13188,5,21,41,"[0, 1590, 2241, 3399, 0]","[1, 6, 11, 16, 21]"
66a218f455df3fda0c1230c1,1,17,bad,40156,8,36,69,"[0, 1460, 2375, 3648, 5687, 8315, 8196, 0]","[1, 6, 11, 16, 21, 26, 31, 36]"
66a218f455df3fda0c1230c1,1,18,good,7946,5,9,39,"[0, 531, 699, 970, 0]","[1, 3, 5, 7, 9]"
66a218f455df3fda0c1230c1,1,19,good,12803,7,13,59,"[0, 339, 821, 1088, 1498, 1993, 0]","[1, 3, 5, 7, 9, 11, 13]"
66a218f455df3fda0c1230c1,1,20,good,10947,6,11,50,"[0, 415, 756, 1455, 1677, 0]","[1, 3, 5, 7, 9, 11]"
66a218f455df3fda0c1230c1,1,21,good,8702,5,9,40,"[0, 680, 1263, 1391, 0]","[1, 3, 5, 7, 9]"
66a218f455df3fda0c1230c1,1,22,good,11169,6,11,47,"[0, 379, 996, 1213, 1704, 0]","[1, 3, 5, 7, 9, 11]"
66a218f455df3fda0c1230c1,1,23,good,19910,7,13,60,"[0, 858, 1947, 2230, 2871, 3214, 0]","[1, 3, 5, 7, 9, 11, 13]"
66a218f455df3fda0c1230c1,1,24,good,27548,9,17,81,"[0, 723, 1196, 2153, 1909, 2553, 3004, 4324, 0]","[1, 3, 5, 7, 9, 11, 13, 15, 17]"
66a218f455df3fda0c1230c1,1,25,good,12188,6,11,51,"[0, 480, 1027, 1327, 1745, 0]","[1, 3, 5, 7, 9, 11]"
66a218f455df3fda0c1230c1,1,26,bad,33625,7,31,58,"[0, 1909, 3106, 4619, 7590, 7724, 0]","[1, 6, 11, 16, 21, 26, 31]"
66a218f455df3fda0c1230c1,1,27,good,19115,7,13,61,"[0, 1095, 2109, 1718, 2845, 3022, 0]","[1, 3, 5, 7, 9, 11, 13]"
66a218f455df3fda0c1230c1,1,28,good,50618,12,23,111,"[0, 472, 1315, 1749, 2832, 2817, 3684, 4561, 4743, 5357, 6315, 0]","[1, 3, 5, 7, 9, 11, 13, 15, 17, 19, 21, 23]"
66a218f455df3fda0c1230c1,1,29,good,26159,9,17,84,"[0, 635, 1116, 1176, 1843, 2016, 2312, 3129, 0]","[1, 3, 5, 7, 9, 11, 13, 15, 17]"
66a218f455df3fda0c1230c1,1,30,bad,13869,5,21,39,"[0, 995, 2430, 3799, 0]","[1, 6, 11, 16, 21]"
66a218f455df3fda0c1230c1,1,31,good,16609,8,15,69,"[0, 404, 677, 1353, 1367, 1861, 2323, 0]","[1, 3, 5, 7, 9, 11, 13, 15]"
66a218f455df3fda0c1230c1,1,32,bad,17111,6,26,51,"[0, 863, 1975, 3144, 4269, 0]","[1, 6, 11, 16, 21, 26]"
66a218f455df3fda0c1230c1,1,33,bad,22667,7,31,59,"[0, 846, 1820, 2949, 4170, 4906, 888]","[1, 6, 11, 16, 21, 26, 31]"
664a1bcbac985050a4575af2,0,0,bad,60604,12,56,109,"[0, 1672, 1510, 2263, 3168, 4047, 4077, 5503, 7620, 7548, 7747, 0]","[1, 6, 11, 16, 21, 26, 31, 36, 41, 46, 51, 56]"
664a1bcbac985050a4575af2,0,1,good,69905,19,37,173,"[0, 507, 668, 941, 983, 1220, 1450, 1648, 1662, 2195, 3071, 3783, 3522, 4679, 4917, 5418, 5456, 5896, 0]","[1, 3, 5, 7, 9, 11, 13, 15, 17, 19, 21, 23, 25, 27, 29, 31, 33, 35, 37]"
664a1bcbac985050a4575af2,0,2,good,45358,14,27,129,"[0, 401, 678, 1025, 1483, 1879, 2117, 2526, 2735, 3212, 4001, 5070, 4581, 0]","[1, 3, 5, 7, 9, 11, 13, 15, 17, 19, 21, 23, 25, 27]"
664a1bcbac985050a4575af2,0,3,good,44369,14,27,133,"[0, 495, 682, 1111, 1485, 2022, 2076, 2541, 3075, 3298, 3601, 4004, 4483, 0]","[1, 3, 5, 7, 9, 11, 13, 15, 17, 19, 21, 23, 25, 27]"
664a1bcbac985050a4575af2,0,4,good,84657,22,43,212,"[0, 336, 678, 955, 1371, 1746, 2293, 2394, 2825, 3316, 4155, 5321, 4481, 2576, 2774, 3184, 3451, 3527, 3963, 4324, 4623, 0]","[1, 3, 5, 7, 9, 11, 13, 15, 17, 19, 21, 23, 25, 27, 29, 31, 33, 35, 37, 39, 41, 43]"
664a1bcbac985050a4575af2,0,5,good,75763,22,43,207,"[0, 430, 491, 780, 996, 955, 1256, 1392, 1744, 1901, 2569, 2428, 2725, 3159, 3438, 5891, 3275, 3844, 4170, 4427, 4506, 0]","[1, 3, 5, 7, 9, 11, 13, 15, 17, 19, 21, 23, 25, 27, 29, 31, 33, 35, 37, 39, 41, 43]"
664a1bcbac985050a4575af2,0,6,good,75384,21,41,201,"[0, 254, 438, 878, 815, 961, 1296, 1386, 1491, 2188, 2264, 2557, 2781, 2833, 4385, 4468, 4852, 4471, 4377, 8351, 0]","[1, 3, 5, 7, 9, 11, 13, 15, 17, 19, 21, 23, 25, 27, 29, 31, 33, 35, 37, 39, 41]"
664a1bcbac985050a4575af2,0,7,good,43861,14,27,133,"[0, 331, 652, 1052, 1124, 1133, 1282, 1797, 2891, 3438, 4833, 4700, 4727, 0]","[1, 3, 5, 7, 9, 11, 13, 15, 17, 19, 21, 23, 25, 27]"
664a1bcbac985050a4575af2,0,8,bad,1431,2,6,10,"[0, 0]","[1, 6]"
664a1bcbac985050a4575af2,0,9,good,74025,20,39,193,"[0, 633, 1113, 1627, 1411, 1936, 2793, 1969, 1818, 1799, 2146, 2284, 2642, 3371, 3920, 3702, 5184, 5021, 6957, 0]","[1, 3, 5, 7, 9, 11, 13, 15, 17, 19, 21, 23, 25, 27, 29, 31, 33, 35, 37, 39]"
664a1bcbac985050a4575af2,0,10,bad,30086,8,36,72,"[0, 1435, 2341, 2878, 3782, 4900, 5690, 0]","[1, 6, 11, 16, 21, 26, 31, 36]"
664a1bcbac985050a4575af2,0,11,bad,15881,6,26,47,"[0, 928, 1804, 2761, 4216, 0]","[1, 6, 11, 16, 21, 26]"
664a1bcbac985050a4575af2,0,12,good,39541,13,25,124,"[0, 374, 792, 1165, 1493, 1807, 2213, 2631, 3025, 3369, 3781, 4124, 0]","[1, 3, 5, 7, 9, 11, 13, 15, 17, 19, 21, 23, 25]"
664a1bcbac985050a4575af2,0,13,bad,46235,10,46,95,"[0, 975, 1916, 2828, 3905, 4904, 6233, 5938, 5971, 0]","[1, 6, 11, 16, 21, 26, 31, 36, 41, 46]"
664a1bcbac985050a4575af2,0,14,good,39549,15,29,142,"[0, 293, 663, 683, 1082, 1420, 1539, 1536, 1930, 1929, 2533, 2404, 2594, 3028, 1659]","[1, 3, 5, 7, 9, 11, 13, 15, 17, 19, 21, 23, 25, 27, 29]"
664a1bcbac985050a4575af2,1,0,bad,20074,7,31,63,"[0, 772, 1477, 2262, 3268, 4583, 0]","[1, 6, 11, 16, 21, 26, 31]"
664a1bcbac985050a4575af2,1,1,good,31992,11,21,99,"[0, 348, 649, 966, 1256, 2530, 2554, 3024, 3284, 3182, 0]","[1, 3, 5, 7, 9, 11, 13, 15, 17, 19, 21]"
664a1bcbac985050a4575af2,1,2,bad,21005,7,31,60,"[0, 881, 1725, 2825, 3911, 4293, 0]","[1, 6, 11, 16, 21, 26, 31]"
664a1bcbac985050a4575af2,1,3,bad,32173,8,36,73,"[0, 880, 1794, 2707, 3838, 4929, 5491, 1005]","[1, 6, 11, 16, 21, 26, 31, 36]"
664a1bcbac985050a4575af2,1,4,bad,28645,9,41,81,"[0, 768, 1705, 2719, 3518, 3439, 3072, 3525, 0]","[1, 6, 11, 16, 21, 26, 31, 36, 41]"
664a1bcbac985050a4575af2,1,5,bad,51355,12,56,109,"[0, 582, 2109, 2412, 2937, 3579, 3824, 4305, 5204, 5761, 7130, 0]","[1, 6, 11, 16, 21, 26, 31, 36, 41, 46, 51, 56]"
664a1bcbac985050a4575af2,1,6,bad,36518,10,46,88,"[0, 826, 971, 1777, 2487, 2846, 5048, 6189, 4738, 0]","[1, 6, 11, 16, 21, 26, 31, 36, 41, 46]"
664a1bcbac985050a4575af2,1,7,bad,33329,10,46,89,"[0, 829, 1581, 1475, 2495, 3026, 3465, 4603, 5594, 0]","[1, 6, 11, 16, 21, 26, 31, 36, 41, 46]"
664a1bcbac985050a4575af2,1,8,bad,40003,11,51,101,"[0, 951, 1537, 1450, 2436, 2606, 3181, 4216, 5037, 6740, 0]","[1, 6, 11, 16, 21, 26, 31, 36, 41, 46, 51]"
664a1bcbac985050a4575af2,1,9,good,41411,15,29,141,"[0, 331, 626, 1229, 1494, 1632, 1708, 1857, 2172, 2774, 2077, 2353, 3447, 2851, 0]","[1, 3, 5, 7, 9, 11, 13, 15, 17, 19, 21, 23, 25, 27, 29]"
664a1bcbac985050a4575af2,1,10,bad,29061,9,41,80,"[0, 918, 1804, 2731, 3494, 2758, 3520, 3977, 0]","[1, 6, 11, 16, 21, 26, 31, 36, 41]"
664a1bcbac985050a4575af2,1,11,bad,40190,11,51,98,"[0, 520, 1026, 1692, 2145, 2976, 4639, 4164, 4450, 6810, 0]","[1, 6, 11, 16, 21, 26, 31, 36, 41, 46, 51]"
664a1bcbac985050a4575af2,1,12,bad,37584,10,46,89,"[0, 791, 1443, 2199, 2201, 3148, 4606, 7594, 4710, 0]","[1, 6, 11, 16, 21, 26, 31, 36, 41, 46]"
664a1bcbac985050a4575af2,1,13,good,63274,20,39,185,"[0, 326, 324, 750, 873, 1750, 1754, 2640, 2060, 1858, 2200, 2546, 2770, 2940, 2924, 3170, 3858, 4400, 4204, 0]","[1, 3, 5, 7, 9, 11, 13, 15, 17, 19, 21, 23, 25, 27, 29, 31, 33, 35, 37, 39]"
664a1bcbac985050a4575af2,1,14,good,44435,17,33,168,"[0, 203, 398, 567, 800, 980, 1161, 1405, 1808, 1947, 2253, 2388, 2642, 3197, 2801, 4029, 0]","[1, 3, 5, 7, 9, 11, 13, 15, 17, 19, 21, 23, 25, 27, 29, 31, 33]"
664a1bcbac985050a4575af2,1,15,bad,39640,11,51,102,"[0, 732, 1103, 1732, 2076, 2645, 3401, 3815, 4873, 7307, 0]","[1, 6, 11, 16, 21, 26, 31, 36, 41, 46, 51]"
664a1bcbac985050a4575af2,1,16,good,68329,21,41,200,"[0, 266, 662, 633, 1425, 1034, 1183, 1403, 1713, 2644, 2178, 2684, 3209, 3136, 3375, 3276, 3635, 4087, 4367, 3921, 0]","[1, 3, 5, 7, 9, 11, 13, 15, 17, 19, 21, 23, 25, 27, 29, 31, 33, 35, 37, 39, 41]"
664a1bcbac985050a4575af2,1,17,bad,31409,10,46,93,"[0, 453, 950, 1468, 1934, 3495, 3144, 3851, 6074, 0]","[1, 6, 11, 16, 21, 26, 31, 36, 41, 46]"
664a1bcbac985050a4575af2,1,18,good,41001,15,29,144,"[0, 306, 617, 823, 922, 1210, 1293, 1445, 1715, 3155, 3838, 2685, 2986, 3385, 0]","[1, 3, 5, 7, 9, 11, 13, 15, 17, 19, 21, 23, 25, 27, 29]"
664a1bcbac985050a4575af2,1,19,good,22212,11,21,103,"[0, 208, 431, 618, 864, 1086, 1343, 1596, 1864, 2628, 0]","[1, 3, 5, 7, 9, 11, 13, 15, 17, 19, 21]"
664a1bcbac985050a4575af2,1,20,good,27634,12,23,110,"[0, 401, 440, 624, 861, 1117, 1250, 1526, 1750, 2239, 2457, 2678]","[1, 3, 5, 7, 9, 11, 13, 15, 17, 19, 21, 23]"
614ce29d78ae25eced10ede1,0,0,bad,7840,3,11,20,"[0, 4063, 0]","[1, 6, 11]"
614ce29d78ae25eced10ede1,0,1,bad,19128,6,26,52,"[0, 2145, 1507, 2425, 3448, 2156]","[1, 6, 11, 16, 21, 26]"
614ce29d78ae25eced10ede1,0,2,good,3248,3,5,22,"[0, 355, 0]","[1, 3, 5]"
614ce29d78ae25eced10ede1,0,3,bad,10589,5,21,40,"[0, 849, 1649, 2314, 0]","[1, 6, 11, 16, 21]"
614ce29d78ae25eced10ede1,0,4,bad,26399,8,36,72,"[0, 790, 1624, 2360, 3518, 3954, 4495, 0]","[1, 6, 11, 16, 21, 26, 31, 36]"
614ce29d78ae25eced10ede1,0,5,good,29592,11,21,104,"[0, 470, 689, 1197, 1397, 1561, 2025, 2399, 2699, 3180, 0]","[1, 3, 5, 7, 9, 11, 13, 15, 17, 19, 21]"
614ce29d78ae25eced10ede1,0,6,bad,20583,7,31,60,"[0, 753, 1710, 2258, 3249, 4311, 0]","[1, 6, 11, 16, 21, 26, 31]"
614ce29d78ae25eced10ede1,0,7,good,32398,11,21,102,"[0, 294, 683, 1334, 1598, 1943, 2297, 2722, 3249, 3766, 0]","[1, 3, 5, 7, 9, 11, 13, 15, 17, 19, 21]"
614ce29d78ae25eced10ede1,0,8,good,23316,10,19,89,"[0, 329, 954, 977, 1220, 1511, 2057, 2293, 2485, 0]","[1, 3, 5, 7, 9, 11, 13, 15, 17, 19]"
614ce29d78ae25eced10ede1,0,9,good,25568,10,19,87,"[0, 314, 636, 1042, 1119, 2050, 2231, 2657, 2881, 0]","[1, 3, 5, 7, 9, 11, 13, 15, 17, 19]"
614ce29d78ae25eced10ede1,0,10,bad,22369,7,31,60,"[0, 801, 2126, 2737, 3938, 4616, 0]","[1, 6, 11, 16, 21, 26, 31]"
614ce29d78ae25eced10ede1,0,11,good,32976,11,21,99,"[0, 574, 664, 824, 1730, 1722, 2313, 2646, 3363, 3588, 0]","[1, 3, 5, 7, 9, 11, 13, 15, 17, 19, 21]"
614ce29d78ae25eced10ede1,0,12,bad,21910,7,31,62,"[0, 850, 1907, 2774, 3970, 4539, 0]","[1, 6, 11, 16, 21, 26, 31]"
614ce29d78ae25eced10ede1,0,13,good,19485,8,15,71,"[0, 577, 657, 1108, 1214, 2175, 2397, 0]","[1, 3, 5, 7, 9, 11, 13, 15]"
614ce29d78ae25eced10ede1,0,14,good,13929,7,13,59,"[0, 323, 746, 975, 1472, 1737, 0]","[1, 3, 5, 7, 9, 11, 13]"
614ce29d78ae25eced10ede1,0,15,bad,15541,6,26,53,"[0, 757, 1694, 2608, 3525, 0]","[1, 6, 11, 16, 21, 26]"
614ce29d78ae25eced10ede1,0,16,bad,12955,5,21,40,"[0, 679, 1233, 2458, 0]","[1, 6, 11, 16, 21]"
614ce29d78ae25eced10ede1,0,17,bad,15617,6,26,50,"[0, 663, 1525, 2649, 3349, 0]","[1, 6, 11, 16, 21, 26]"
614ce29d78ae25eced10ede1,0,18,bad,25792,7,31,59,"[0, 905, 2197, 4456, 3791, 4541, 0]","[1, 6, 11, 16, 21, 26, 31]"
614ce29d78ae25eced10ede1,0,19,bad,17158,6,26,52,"[0, 732, 1590, 2385, 3971, 0]","[1, 6, 11, 16, 21, 26]"
614ce29d78ae25eced10ede1,0,20,bad,0,0,1,0,[],[]
614ce29d78ae25eced10ede1,0,21,bad,26880,7,31,60,"[0, 687, 1168, 2213, 3359, 3776, 0]","[1, 6, 11, 16, 21, 26, 31]"
614ce29d78ae25eced10ede1,0,22,bad,15492,6,26,47,"[0, 883, 1735, 2653, 3461, 0]","[1, 6, 11, 16, 21, 26]"
614ce29d78ae25eced10ede1,0,23,bad,15545,6,26,50,"[0, 863, 1662, 3074, 3463, 0]","[1, 6, 11, 16, 21, 26]"
614ce29d78ae25eced10ede1,0,24,good,17107,8,15,70,"[0, 293, 685, 966, 1504, 2098, 1946, 0]","[1, 3, 5, 7, 9, 11, 13, 15]"
614ce29d78ae25eced10ede1,0,25,good,20055,9,17,80,"[0, 331, 707, 1208, 1594, 1785, 1484, 2411, 0]","[1, 3, 5, 7, 9, 11, 13, 15, 17]"
614ce29d78ae25eced10ede1,0,26,bad,15920,6,26,47,"[0, 751, 1797, 2965, 3254, 0]","[1, 6, 11, 16, 21, 26]"
614ce29d78ae25eced10ede1,0,27,good,16174,8,15,69,"[0, 316, 626, 1088, 1397, 1886, 2165, 0]","[1, 3, 5, 7, 9, 11, 13, 15]"
614ce29d78ae25eced10ede1,0,28,bad,21678,7,31,62,"[0, 880, 1730, 2781, 4024, 4751, 0]","[1, 6, 11, 16, 21, 26, 31]"
614ce29d78ae25eced10ede1,0,29,good,34425,12,23,110,"[0, 287, 553, 929, 1059, 1681, 1846, 2165, 2693, 3080, 3251, 3564]","[1, 3, 5, 7, 9, 11, 13, 15, 17, 19, 21, 23]"
614ce29d78ae25eced10ede1,1,0,bad,13371,6,26,51,"[0, 717, 1367, 1997, 3009, 0]","[1, 6, 11, 16, 21, 26]"
614ce29d78ae25eced10ede1,1,1,good,23874,10,19,85,"[0, 289, 597, 825, 1133, 1261, 1879, 2379, 2689, 0]","[1, 3, 5, 7, 9, 11, 13, 15, 17, 19]"
614ce29d78ae25eced10ede1,1,2,bad,14709,6,26,47,"[0, 743, 1454, 2449, 2970, 0]","[1, 6, 11, 16, 21, 26]"
614ce29d78ae25eced10ede1,1,3,bad,14854,6,26,49,"[0, 683, 1389, 2454, 3181, 0]","[1, 6, 11, 16, 21, 26]"
614ce29d78ae25eced10ede1,1,4,good,22873,10,19,88,"[0, 270, 530, 779, 1090, 1530, 2034, 2296, 2614, 0]","[1, 3, 5, 7, 9, 11, 13, 15, 17, 19]"
614ce29d78ae25eced10ede1,1,5,good,21377,9,17,81,"[0, 283, 558, 839, 1064, 1580, 2137, 2237, 0]","[1, 3, 5, 7, 9, 11, 13, 15, 17]"
614ce29d78ae25eced10ede1,1,6,good,20746,9,17,80,"[0, 302, 574, 853, 1253, 1570, 1951, 2196, 0]","[1, 3, 5, 7, 9, 11, 13, 15, 17]"
614ce29d78ae25eced10ede1,1,7,good,16144,8,15,70,"[0, 292, 625, 940, 1373, 1568, 2003, 0]","[1, 3, 5, 7, 9, 11, 13, 15]"
614ce29d78ae25eced10ede1,1,8,bad,11223,5,21,38,"[0, 709, 1455, 2420, 0]","[1, 6, 11, 16, 21]"
614ce29d78ae25eced10ede1,1,9,bad,10083,5,21,38,"[0, 698, 1397, 2460, 0]","[1, 6, 11, 16, 21]"
614ce29d78ae25eced10ede1,1,10,good,20183,9,17,81,"[0, 284, 767, 894, 1254, 1597, 2135, 2352, 0]","[1, 3, 5, 7, 9, 11, 13, 15, 17]"
614ce29d78ae25eced10ede1,1,11,good,16254,8,15,66,"[0, 281, 559, 871, 1189, 1580, 1999, 0]","[1, 3, 5, 7, 9, 11, 13, 15]"
614ce29d78ae25eced10ede1,1,12,good,16329,8,15,71,"[0, 260, 532, 915, 1407, 1641, 2105, 0]","[1, 3, 5, 7, 9, 11, 13, 15]"
614ce29d78ae25eced10ede1,1,13,bad,14140,6,26,48,"[0, 674, 1462, 2238, 3232, 0]","[1, 6, 11, 16, 21, 26]"
614ce29d78ae25eced10ede1,1,14,good,25283,10,19,91,"[0, 264, 647, 816, 1134, 1561, 1925, 2282, 2457, 0]","[1, 3, 5, 7, 9, 11, 13, 15, 17, 19]"
614ce29d78ae25eced10ede1,1,15,bad,10635,5,21,40,"[0, 651, 1297, 2485, 0]","[1, 6, 11, 16, 21]"
614ce29d78ae25eced10ede1,1,16,bad,15391,6,26,48,"[0, 856, 1545, 2587, 3794, 0]","[1, 6, 11, 16, 21, 26]"
614ce29d78ae25eced10ede1,1,17,good,22534,9,17,82,"[0, 290, 850, 991, 1040, 1459, 2508, 2737, 0]","[1, 3, 5, 7, 9, 11, 13, 15, 17]"
614ce29d78ae25eced10ede1,1,18,bad,15019,6,26,51,"[0, 738, 1477, 2607, 3546, 0]","[1, 6, 11, 16, 21, 26]"
614ce29d78ae25eced10ede1,1,19,bad,19991,6,26,49,"[0, 894, 1899, 2708, 3245, 0]","[1, 6, 11, 16, 21, 26]"
614ce29d78ae25eced10ede1,1,20,good,27009,10,19,89,"[0, 293, 621, 853, 1346, 1561, 2194, 2714, 2916, 0]","[1, 3, 5, 7, 9, 11, 13, 15, 17, 19]"
614ce29d78ae25eced10ede1,1,21,good,33465,11,21,98,"[0, 297, 841, 835, 1604, 2086, 2813, 2565, 3067, 4019, 0]","[1, 3, 5, 7, 9, 11, 13, 15, 17, 19, 21]"
614ce29d78ae25eced10ede1,1,22,bad,14988,6,26,46,"[0, 716, 1754, 2292, 3403, 0]","[1, 6, 11, 16, 21, 26]"
614ce29d78ae25eced10ede1,1,23,bad,14803,6,26,51,"[0, 782, 1503, 2577, 3276, 0]","[1, 6, 11, 16, 21, 26]"
614ce29d78ae25eced10ede1,1,24,good,24488,10,19,87,"[0, 303, 704, 934, 2181, 1527, 1971, 2264, 2404, 0]","[1, 3, 5, 7, 9, 11, 13, 15, 17, 19]"
614ce29d78ae25eced10ede1,1,25,good,43151,13,25,120,"[0, 303, 555, 806, 1130, 2031, 2375, 2334, 3301, 3412, 4092, 3077, 0]","[1, 3, 5, 7, 9, 11, 13, 15, 17, 19, 21, 23, 25]"
614ce29d78ae25eced10ede1,1,26,bad,17200,6,26,52,"[0, 740, 1820, 2530, 3838, 0]","[1, 6, 11, 16, 21, 26]"
614ce29d78ae25eced10ede1,1,27,bad,10742,5,21,42,"[0, 671, 1893, 2964, 0]","[1, 6, 11, 16, 21]"
614ce29d78ae25eced10ede1,1,28,good,25176,10,19,93,"[0, 335, 695, 1483, 1444, 2199, 2408, 2211, 2976, 0]","[1, 3, 5, 7, 9, 11, 13, 15, 17, 19]"
614ce29d78ae25eced10ede1,1,29,bad,15196,6,26,50,"[0, 692, 1716, 2654, 3354, 0]","[1, 6, 11, 16, 21, 26]"
614ce29d78ae25eced10ede1,1,30,bad,11207,5,21,38,"[0, 773, 1650, 2496, 0]","[1, 6, 11, 16, 21]"
614ce29d78ae25eced10ede1,1,31,good,15887,8,15,66,"[0, 394, 652, 903, 1450, 1762, 1886, 0]","[1, 3, 5, 7, 9, 11, 13, 15]"
614ce29d78ae25eced10ede1,1,32,bad,19056,6,26,49,"[0, 1505, 2012, 3707, 4691, 0]","[1, 6, 11, 16, 21, 26]"
614ce29d78ae25eced10ede1,1,33,good,21619,9,17,77,"[0, 387, 726, 1113, 1722, 1806, 2679, 2310, 0]","[1, 3, 5, 7, 9, 11, 13, 15, 17]"
614ce29d78ae25eced10ede1,1,34,good,20250,9,17,77,"[0, 326, 607, 1177, 1354, 1760, 2209, 2725, 0]","[1, 3, 5, 7, 9, 11, 13, 15, 17]"
614ce29d78ae25eced10ede1,1,35,good,13109,7,13,63,"[0, 299, 817, 942, 1408, 2068, 0]","[1, 3, 5, 7, 9, 11, 13]"
614ce29d78ae25eced10ede1,1,36,bad,10888,5,21,39,"[0, 825, 1706, 2956, 0]","[1, 6, 11, 16, 21]"
614ce29d78ae25eced10ede1,1,37,bad,6915,4,16,29,"[0, 807, 1802, 0]","[1, 6, 11, 16]"
66412a3ce07d7c50170a3eff,0,0,bad,52832,10,46,93,"[0, 1200, 2249, 2624, 3424, 4912, 6303, 6210, 7808, 2964]","[1, 6, 11, 16, 21, 26, 31, 36, 41, 46]"
66412a3ce07d7c50170a3eff,0,1,good,3808,3,5,19,"[0, 509, 0]","[1, 3, 5]"
66412a3ce07d7c50170a3eff,0,2,bad,96752,15,71,140,"[0, 848, 1715, 2607, 3648, 4526, 5824, 5359, 6594, 7312, 7727, 8944, 9024, 9488, 2239]","[1, 6, 11, 16, 21, 26, 31, 36, 41, 46, 51, 56, 61, 66, 71]"
66412a3ce07d7c50170a3eff,0,3,bad,93056,14,66,134,"[0, 852, 1439, 2542, 3152, 4240, 4672, 5969, 12753, 7807, 9282, 9619, 11570, 0]","[1, 6, 11, 16, 21, 26, 31, 36, 41, 46, 51, 56, 61, 66]"
66412a3ce07d7c50170a3eff,0,4,good,116367,22,43,211,"[0, 257, 545, 768, 977, 1296, 2127, 2525, 2576, 3248, 9502, 4047, 3743, 6292, 5459, 5072, 8367, 6752, 6400, 7119, 7153, 2432]","[1, 3, 5, 7, 9, 11, 13, 15, 17, 19, 21, 23, 25, 27, 29, 31, 33, 35, 37, 39, 41, 43]"
66412a3ce07d7c50170a3eff,0,5,bad,324192,25,121,237,"[0, 1233, 1905, 2704, 3636, 4288, 8432, 8383, 9795, 8178, 10577, 11776, 10830, 11501, 14030, 17552, 14304, 16736, 17805, 20416, 19843, 27376, 24720, 26141, 0]","[1, 6, 11, 16, 21, 26, 31, 36, 41, 46, 51, 56, 61, 66, 71, 76, 81, 86, 91, 96, 101, 106, 111, 116, 121]"
66412a3ce07d7c50170a3eff,0,6,good,0,0,1,0,[],[]
66412a3ce07d7c50170a3eff,0,7,bad,30845,7,31,63,"[0, 1073, 1776, 2946, 4319, 5664, 6639]","[1, 6, 11, 16, 21, 26, 31]"
66412a3ce07d7c50170a3eff,0,8,good,10927,6,11,51,"[0, 385, 735, 1200, 1776, 0]","[1, 3, 5, 7, 9, 11]"
66412a3ce07d7c50170a3eff,0,9,bad,29310,7,31,60,"[0, 1277, 2558, 4736, 5710, 5550, 0]","[1, 6, 11, 16, 21, 26, 31]"
66412a3ce07d7c50170a3eff,0,10,good,1201,2,3,9,"[0, 0]","[1, 3]"
66412a3ce07d7c50170a3eff,0,11,good,14033,7,13,61,"[0, 368, 656, 802, 991, 1343, 2048]","[1, 3, 5, 7, 9, 11, 13]"
66412a3ce07d7c50170a3eff,1,0,bad,34449,9,41,78,"[0, 721, 1409, 2179, 3151, 4032, 5009, 5519, 2048]","[1, 6, 11, 16, 21, 26, 31, 36, 41]"
66412a3ce07d7c50170a3eff,1,1,bad,162784,19,91,172,"[0, 768, 1518, 2289, 3326, 4257, 5120, 5920, 7118, 5425, 8320, 9327, 9903, 11584, 13758, 13584, 13106, 17025, 8593]","[1, 6, 11, 16, 21, 26, 31, 36, 41, 46, 51, 56, 61, 66, 71, 76, 81, 86, 91]"
66412a3ce07d7c50170a3eff,1,2,bad,160449,18,86,171,"[0, 849, 1745, 2495, 3489, 4353, 5171, 6287, 8189, 7903, 9824, 10307, 11361, 11903, 15903, 16686, 16480, 7218]","[1, 6, 11, 16, 21, 26, 31, 36, 41, 46, 51, 56, 61, 66, 71, 76, 81, 86]"
66412a3ce07d7c50170a3eff,1,3,good,255651,32,63,301,"[0, 320, 609, 1060, 1392, 1648, 2416, 2576, 4849, 2912, 3312, 3904, 3968, 5762, 6032, 8161, 6706, 7696, 8784, 8097, 8253, 9393, 10880, 13712, 9840, 10384, 14608, 11953, 13589, 12302, 12609, 6769]","[1, 3, 5, 7, 9, 11, 13, 15, 17, 19, 21, 23, 25, 27, 29, 31, 33, 35, 37, 39, 41, 43, 45, 47, 49, 51, 53, 55, 57, 59, 61, 63]"
66412a3ce07d7c50170a3eff,1,4,bad,117052,17,81,158,"[0, 896, 1794, 2735, 3601, 3648, 4257, 5295, 6433, 7776, 8113, 8955, 10223, 10781, 8673, 11856, 2190]","[1, 6, 11, 16, 21, 26, 31, 36, 41, 46, 51, 56, 61, 66, 71, 76, 81]"
66412a3ce07d7c50170a3eff,1,5,good,140547,26,51,250,"[0, 461, 671, 976, 1280, 1776, 1906, 2205, 2593, 3232, 3506, 3840, 3984, 4176, 4977, 5393, 5232, 5551, 5825, 6304, 6944, 6882, 7778, 8049, 7840, 6420]","[1, 3, 5, 7, 9, 11, 13, 15, 17, 19, 21, 23, 25, 27, 29, 31, 33, 35, 37, 39, 41, 43, 45, 47, 49, 51]"
669bbcd0463407058421b400,0,0,bad,464327,31,151,292,"[0, 2663, 4167, 5226, 6779, 4847, 5948, 6700, 7554, 8835, 7367, 9354, 10628, 10740, 11495, 12415, 15126, 15477, 17508, 17582, 19063, 18948, 19201, 20448, 21513, 22572, 23640, 27739, 28543, 26357, 7472]","[1, 6, 11, 16, 21, 26, 31, 36, 41, 46, 51, 56, 61, 66, 71, 76, 81, 86, 91, 96, 101, 106, 111, 116, 121, 126, 131, 136, 141, 146, 151]"
669bbcd0463407058421b400,0,1,good,32347,12,23,111,"[0, 329, 647, 968, 1304, 1721, 2056, 2395, 2640, 2989, 3229, 0]","[1, 3, 5, 7, 9, 11, 13, 15, 17, 19, 21, 23]"
669bbcd0463407058421b400,0,2,bad,19920,7,31,62,"[0, 755, 1624, 2463, 3477, 4540, 0]","[1, 6, 11, 16, 21, 26, 31]"
669bbcd0463407058421b400,0,3,bad,58181,11,51,99,"[0, 821, 1941, 2559, 3632, 6835, 5253, 6746, 6438, 7744, 0]","[1, 6, 11, 16, 21, 26, 31, 36, 41, 46, 51]"
669bbcd0463407058421b400,0,4,good,47058,14,27,131,"[0, 316, 631, 948, 1315, 1715, 2653, 2531, 3037, 2838, 3168, 3642, 3733, 0]","[1, 3, 5, 7, 9, 11, 13, 15, 17, 19, 21, 23, 25, 27]"
669bbcd0463407058421b400,0,5,bad,49049,10,46,87,"[0, 929, 2126, 3083, 6705, 4138, 5071, 6113, 7553, 0]","[1, 6, 11, 16, 21, 26, 31, 36, 41, 46]"
669bbcd0463407058421b400,0,6,bad,94857,14,66,132,"[0, 919, 1970, 2562, 3204, 4259, 5088, 6184, 8227, 10972, 8647, 10343, 11009, 4889]","[1, 6, 11, 16, 21, 26, 31, 36, 41, 46, 51, 56, 61, 66]"
669bbcd0463407058421b400,0,7,bad,50149,10,46,88,"[0, 806, 1643, 2495, 3612, 4478, 5818, 6542, 9599, 1843]","[1, 6, 11, 16, 21, 26, 31, 36, 41, 46]"
669bbcd0463407058421b400,1,0,bad,47013,10,46,89,"[0, 898, 1752, 3150, 4050, 4669, 6270, 6982, 8722, 0]","[1, 6, 11, 16, 21, 26, 31, 36, 41, 46]"
669bbcd0463407058421b400,1,1,good,18789,8,15,70,"[0, 343, 713, 1091, 1482, 1837, 2402, 0]","[1, 3, 5, 7, 9, 11, 13, 15]"
669bbcd0463407058421b400,1,2,bad,21977,7,31,60,"[0, 1006, 1719, 2652, 3583, 4625, 0]","[1, 6, 11, 16, 21, 26, 31]"
669bbcd0463407058421b400,1,3,bad,23731,7,31,60,"[0, 1056, 2034, 4529, 4875, 4238, 0]","[1, 6, 11, 16, 21, 26, 31]"
669bbcd0463407058421b400,1,4,bad,26513,8,36,70,"[0, 820, 1807, 2668, 3637, 4598, 3670, 0]","[1, 6, 11, 16, 21, 26, 31, 36]"
669bbcd0463407058421b400,1,5,bad,12524,6,26,48,"[0, 425, 836, 1613, 1784, 0]","[1, 6, 11, 16, 21, 26]"
669bbcd0463407058421b400,1,6,bad,15189,7,31,58,"[0, 394, 830, 1434, 1820, 2390, 0]","[1, 6, 11, 16, 21, 26, 31]"
669bbcd0463407058421b400,1,7,good,25245,11,21,102,"[0, 160, 470, 584, 948, 1669, 1554, 1897, 1836, 2656, 0]","[1, 3, 5, 7, 9, 11, 13, 15, 17, 19, 21]"
669bbcd0463407058421b400,1,8,bad,20406,7,31,54,"[0, 862, 1411, 2262, 3041, 4141, 0]","[1, 6, 11, 16, 21, 26, 31]"
669bbcd0463407058421b400,1,9,bad,24460,8,36,71,"[0, 845, 2012, 2253, 2367, 4144, 2896, 0]","[1, 6, 11, 16, 21, 26, 31, 36]"
669bbcd0463407058421b400,1,10,bad,20003,8,36,66,"[0, 365, 917, 1377, 2058, 2617, 2996, 0]","[1, 6, 11, 16, 21, 26, 31, 36]"
669bbcd0463407058421b400,1,11,good,24703,11,21,98,"[0, 305, 482, 626, 1246, 1535, 1290, 1712, 1699, 2763, 0]","[1, 3, 5, 7, 9, 11, 13, 15, 17, 19, 21]"
669bbcd0463407058421b400,1,12,good,32624,13,25,119,"[0, 314, 397, 513, 1340, 999, 1562, 1817, 1683, 2289, 2585, 3142, 0]","[1, 3, 5, 7, 9, 11, 13, 15, 17, 19, 21, 23, 25]"
669bbcd0463407058421b400,1,13,bad,19779,7,31,62,"[0, 918, 1143, 2375, 3039, 4108, 0]","[1, 6, 11, 16, 21, 26, 31]"
669bbcd0463407058421b400,1,14,bad,29027,8,36,69,"[0, 1112, 2866, 2982, 3697, 5008, 2862, 0]","[1, 6, 11, 16, 21, 26, 31, 36]"
669bbcd0463407058421b400,1,15,good,29114,11,21,105,"[0, 344, 369, 641, 1066, 1191, 1868, 2348, 3921, 3545, 0]","[1, 3, 5, 7, 9, 11, 13, 15, 17, 19, 21]"
669bbcd0463407058421b400,1,16,bad,34025,9,41,77,"[0, 443, 1482, 2290, 3624, 3755, 4464, 6752, 0]","[1, 6, 11, 16, 21, 26, 31, 36, 41]"
669bbcd0463407058421b400,1,17,bad,39830,9,41,76,"[0, 915, 1797, 2746, 4139, 5391, 5917, 5292, 2041]","[1, 6, 11, 16, 21, 26, 31, 36, 41]"
669bbcd0463407058421b400,1,18,bad,18490,7,31,60,"[0, 596, 1521, 2729, 3398, 2672, 0]","[1, 6, 11, 16, 21, 26, 31]"
669bbcd0463407058421b400,1,19,bad,35074,10,46,90,"[0, 387, 830, 1414, 2285, 2738, 3659, 4756, 5592, 0]","[1, 6, 11, 16, 21, 26, 31, 36, 41, 46]"
669bbcd0463407058421b400,1,20,bad,27495,7,31,58,"[0, 775, 1962, 3309, 4467, 4950, 1818]","[1, 6, 11, 16, 21, 26, 31]"
669bbcd0463407058421b400,1,21,bad,51466,11,51,103,"[0, 588, 1838, 2220, 3513, 5040, 6598, 4396, 5649, 6937, 0]","[1, 6, 11, 16, 21, 26, 31, 36, 41, 46, 51]"
669bbcd0463407058421b400,1,22,good,22749,11,21,100,"[0, 162, 402, 565, 712, 800, 1171, 2113, 1719, 2868, 0]","[1, 3, 5, 7, 9, 11, 13, 15, 17, 19, 21]"
669bbcd0463407058421b400,1,23,good,20437,10,19,89,"[0, 342, 687, 993, 964, 1200, 1173, 2164, 2054, 0]","[1, 3, 5, 7, 9, 11, 13, 15, 17, 19]"
669bbcd0463407058421b400,1,24,good,13722,8,15,73,"[0, 539, 332, 482, 960, 1260, 1484, 0]","[1, 3, 5, 7, 9, 11, 13, 15]"
669bbcd0463407058421b400,1,25,good,66613,17,33,157,"[0, 573, 612, 1418, 1286, 1326, 1168, 2725, 2970, 2660, 3201, 3727, 4525, 5623, 6035, 4593, 1151]","[1, 3, 5, 7, 9, 11, 13, 15, 17, 19, 21, 23, 25, 27, 29, 31, 33]"
669bbcd0463407058421b400,1,26,bad,32913,9,41,82,"[0, 609, 954, 1652, 2120, 3488, 4437, 5619, 3970]","[1, 6, 11, 16, 21, 26, 31, 36, 41]"
5589662afdf99b7416026f3a,0,0,bad,49948,11,51,100,"[0, 1009, 1607, 2542, 3441, 4197, 5874, 4604, 6082, 8290, 0]","[1, 6, 11, 16, 21, 26, 31, 36, 41, 46, 51]"
5589662afdf99b7416026f3a,0,1,bad,60544,12,56,106,"[0, 824, 1824, 2912, 4049, 5252, 3940, 5080, 6034, 7945, 8208, 0]","[1, 6, 11, 16, 21, 26, 31, 36, 41, 46, 51, 56]"
5589662afdf99b7416026f3a,0,2,good,52249,14,27,132,"[0, 546, 768, 1114, 1536, 2102, 2669, 2981, 3326, 3820, 4218, 4743, 5059, 0]","[1, 3, 5, 7, 9, 11, 13, 15, 17, 19, 21, 23, 25, 27]"
5589662afdf99b7416026f3a,0,3,good,63454,17,33,163,"[0, 364, 892, 1131, 1513, 1941, 2449, 2960, 3401, 3364, 3046, 3657, 3675, 4376, 4845, 5356, 0]","[1, 3, 5, 7, 9, 11, 13, 15, 17, 19, 21, 23, 25, 27, 29, 31, 33]"
5589662afdf99b7416026f3a,0,4,bad,65023,12,56,106,"[0, 848, 1570, 2373, 3465, 4137, 4895, 5837, 5608, 7426, 9547, 0]","[1, 6, 11, 16, 21, 26, 31, 36, 41, 46, 51, 56]"
5589662afdf99b7416026f3a,0,5,bad,53023,11,51,102,"[0, 810, 1799, 2967, 3549, 4570, 5216, 5737, 7213, 6684, 0]","[1, 6, 11, 16, 21, 26, 31, 36, 41, 46, 51]"
5589662afdf99b7416026f3a,0,6,bad,40161,10,46,89,"[0, 902, 1626, 2527, 3663, 5977, 3825, 3612, 4203, 0]","[1, 6, 11, 16, 21, 26, 31, 36, 41, 46]"
5589662afdf99b7416026f3a,0,7,good,65216,17,33,160,"[0, 368, 724, 1157, 1426, 1740, 2328, 2849, 2844, 3092, 3037, 3716, 4618, 5102, 5425, 5614, 0]","[1, 3, 5, 7, 9, 11, 13, 15, 17, 19, 21, 23, 25, 27, 29, 31, 33]"
5589662afdf99b7416026f3a,0,8,good,26301,11,21,98,"[0, 341, 714, 935, 1209, 1358, 1719, 1939, 2496, 2618, 0]","[1, 3, 5, 7, 9, 11, 13, 15, 17, 19, 21]"
5589662afdf99b7416026f3a,0,9,bad,26257,8,36,72,"[0, 831, 1591, 2312, 2912, 3733, 5009, 0]","[1, 6, 11, 16, 21, 26, 31, 36]"
5589662afdf99b7416026f3a,0,10,good,36496,13,25,120,"[0, 339, 645, 952, 1479, 1656, 2208, 1997, 2419, 2664, 2823, 3352, 724]","[1, 3, 5, 7, 9, 11, 13, 15, 17, 19, 21, 23, 25]"
5589662afdf99b7416026f3a,0,11,bad,27549,8,36,69,"[0, 1061, 1752, 2420, 3058, 4127, 5068, 0]","[1, 6, 11, 16, 21, 26, 31, 36]"
5589662afdf99b7416026f3a,0,12,bad,33812,9,41,82,"[0, 874, 1529, 2552, 3300, 3893, 5502, 5504, 0]","[1, 6, 11, 16, 21, 26, 31, 36, 41]"
5589662afdf99b7416026f3a,0,13,bad,27457,8,36,70,"[0, 872, 1620, 2644, 3451, 4309, 5498, 0]","[1, 6, 11, 16, 21, 26, 31, 36]"
5589662afdf99b7416026f3a,0,14,good,33563,12,23,113,"[0, 365, 731, 1187, 1711, 1909, 2002, 2414, 2628, 3394, 3208, 0]","[1, 3, 5, 7, 9, 11, 13, 15, 17, 19, 21, 23]"
5589662afdf99b7416026f3a,0,15,good,34803,12,23,108,"[0, 335, 668, 1088, 1316, 1648, 2161, 2064, 2657, 2822, 3923, 0]","[1, 3, 5, 7, 9, 11, 13, 15, 17, 19, 21, 23]"
5589662afdf99b7416026f3a,0,16,bad,30411,8,36,67,"[0, 1204, 2002, 2956, 4261, 4058, 4682, 1834]","[1, 6, 11, 16, 21, 26, 31, 36]"
5589662afdf99b7416026f3a,1,0,bad,22270,7,31,62,"[0, 951, 1781, 2861, 3438, 4862, 0]","[1, 6, 11, 16, 21, 26, 31]"
5589662afdf99b7416026f3a,1,1,bad,21982,7,31,61,"[0, 1236, 2290, 2692, 3738, 3920, 731]","[1, 6, 11, 16, 21, 26, 31]"
5589662afdf99b7416026f3a,1,2,bad,22507,7,31,58,"[0, 1229, 1596, 2488, 3361, 4578, 538]","[1, 6, 11, 16, 21, 26, 31]"
5589662afdf99b7416026f3a,1,3,good,24769,10,19,90,"[0, 313, 662, 1026, 1278, 1722, 1991, 2884, 2980, 0]","[1, 3, 5, 7, 9, 11, 13, 15, 17, 19]"
5589662afdf99b7416026f3a,1,4,good,33280,12,23,109,"[0, 388, 791, 1197, 1203, 1636, 2153, 2194, 3018, 2919, 3496, 0]","[1, 3, 5, 7, 9, 11, 13, 15, 17, 19, 21, 23]"
5589662afdf99b7416026f3a,1,5,bad,33602,9,41,78,"[0, 853, 2188, 2798, 3141, 3872, 4560, 5776, 0]","[1, 6, 11, 16, 21, 26, 31, 36, 41]"
5589662afdf99b7416026f3a,1,6,good,28459,11,21,100,"[0, 375, 653, 1046, 1394, 1762, 2667, 2412, 2386, 2812, 0]","[1, 3, 5, 7, 9, 11, 13, 15, 17, 19, 21]"
5589662afdf99b7416026f3a,1,7,bad,21072,7,31,63,"[0, 866, 1615, 2230, 3248, 4324, 530]","[1, 6, 11, 16, 21, 26, 31]"
5589662afdf99b7416026f3a,1,8,good,29266,11,21,101,"[0, 335, 695, 1191, 1419, 1824, 2172, 2402, 2586, 3018, 0]","[1, 3, 5, 7, 9, 11, 13, 15, 17, 19, 21]"
5589662afdf99b7416026f3a,1,9,bad,28351,8,36,69,"[0, 1215, 1763, 2446, 3221, 4418, 5234, 0]","[1, 6, 11, 16, 21, 26, 31, 36]"
5589662afdf99b7416026f3a,1,10,good,31484,11,21,98,"[0, 371, 1125, 942, 1344, 1580, 2822, 2230, 2934, 3317, 444]","[1, 3, 5, 7, 9, 11, 13, 15, 17, 19, 21]"
5589662afdf99b7416026f3a,1,11,good,16616,8,15,73,"[0, 332, 583, 911, 1265, 1519, 2249, 0]","[1, 3, 5, 7, 9, 11, 13, 15]"
5589662afdf99b7416026f3a,1,12,good,26986,10,19,93,"[0, 364, 709, 1088, 1413, 1778, 1969, 2002, 2385, 0]","[1, 3, 5, 7, 9, 11, 13, 15, 17, 19]"
5589662afdf99b7416026f3a,1,13,bad,15092,6,26,48,"[0, 989, 1710, 2191, 3072, 0]","[1, 6, 11, 16, 21, 26]"
5589662afdf99b7416026f3a,1,14,good,21230,9,17,79,"[0, 362, 696, 1096, 1743, 1505, 2135, 2501, 0]","[1, 3, 5, 7, 9, 11, 13, 15, 17]"
5589662afdf99b7416026f3a,1,15,good,42808,13,25,123,"[0, 315, 653, 937, 1273, 1831, 2613, 2084, 2620, 2996, 3724, 3443, 0]","[1, 3, 5, 7, 9, 11, 13, 15, 17, 19, 21, 23, 25]"
5589662afdf99b7416026f3a,1,16,bad,21520,7,31,59,"[0, 804, 1834, 2496, 3289, 4123, 0]","[1, 6, 11, 16, 21, 26, 31]"
5589662afdf99b7416026f3a,1,17,good,25991,10,19,91,"[0, 359, 669, 1494, 1371, 1760, 1925, 2194, 2531, 0]","[1, 3, 5, 7, 9, 11, 13, 15, 17, 19]"
5589662afdf99b7416026f3a,1,18,bad,16663,6,26,52,"[0, 853, 1771, 2531, 3388, 0]","[1, 6, 11, 16, 21, 26]"
5589662afdf99b7416026f3a,1,19,bad,33883,9,41,79,"[0, 791, 1634, 2325, 3273, 3652, 4731, 6045, 0]","[1, 6, 11, 16, 21, 26, 31, 36, 41]"
5589662afdf99b7416026f3a,1,20,bad,17038,6,26,49,"[0, 889, 1973, 2350, 3429, 0]","[1, 6, 11, 16, 21, 26]"
5589662afdf99b7416026f3a,1,21,bad,15747,6,26,50,"[0, 965, 2094, 2515, 2898, 0]","[1, 6, 11, 16, 21, 26]"
5589662afdf99b7416026f3a,1,22,good,29904,11,21,98,"[0, 515, 668, 983, 1158, 1655, 1757, 1990, 2576, 3233, 0]","[1, 3, 5, 7, 9, 11, 13, 15, 17, 19, 21]"
5589662afdf99b7416026f3a,1,23,bad,29726,8,36,70,"[0, 876, 1859, 3077, 3572, 4018, 4876, 0]","[1, 6, 11, 16, 21, 26, 31, 36]"
5589662afdf99b7416026f3a,1,24,bad,24616,7,31,60,"[0, 1172, 1688, 3345, 4061, 3691, 0]","[1, 6, 11, 16, 21, 26, 31]"
5589662afdf99b7416026f3a,1,25,good,26153,10,19,86,"[0, 329, 692, 1189, 1441, 1686, 2189, 2712, 2495, 0]","[1, 3, 5, 7, 9, 11, 13, 15, 17, 19]"
5589662afdf99b7416026f3a,1,26,good,33890,11,21,101,"[0, 379, 740, 990, 1395, 1790, 3131, 4305, 2774, 3201, 0]","[1, 3, 5, 7, 9, 11, 13, 15, 17, 19, 21]"
5589662afdf99b7416026f3a,1,27,good,43470,12,23,103,"[0, 336, 637, 1046, 1341, 1603, 2202, 2507, 2878, 3406, 3983, 3558]","[1, 3, 5, 7, 9, 11, 13, 15, 17, 19, 21, 23]"
644c34bee80856c9546c7312,0,0,good,138812,22,43,204,"[0, 1451, 2027, 2261, 2535, 2908, 2926, 3457, 4176, 4196, 4400, 5091, 5684, 5681, 6345, 9065, 7360, 7435, 8109, 8562, 8650, 0]","[1, 3, 5, 7, 9, 11, 13, 15, 17, 19, 21, 23, 25, 27, 29, 31, 33, 35, 37, 39, 41, 43]"
644c34bee80856c9546c7312,0,1,good,61869,15,29,141,"[0, 356, 784, 1115, 1537, 2184, 2678, 3155, 3324, 4214, 4817, 5011, 6415, 7424, 0]","[1, 3, 5, 7, 9, 11, 13, 15, 17, 19, 21, 23, 25, 27, 29]"
644c34bee80856c9546c7312,0,2,good,58332,15,29,141,"[0, 406, 840, 1226, 1797, 2186, 2601, 3120, 3548, 3668, 4189, 5032, 5494, 5639, 0]","[1, 3, 5, 7, 9, 11, 13, 15, 17, 19, 21, 23, 25, 27, 29]"
644c34bee80856c9546c7312,0,3,bad,51606,10,46,91,"[0, 986, 2135, 3112, 4274, 5575, 6850, 8097, 9170, 0]","[1, 6, 11, 16, 21, 26, 31, 36, 41, 46]"
644c34bee80856c9546c7312,0,4,good,42199,13,25,123,"[0, 386, 813, 1112, 1506, 1942, 2351, 2883, 3528, 3658, 3991, 4405, 0]","[1, 3, 5, 7, 9, 11, 13, 15, 17, 19, 21, 23, 25]"
644c34bee80856c9546c7312,0,5,bad,51431,10,46,90,"[0, 900, 1879, 2930, 3968, 5933, 7600, 7665, 8100, 0]","[1, 6, 11, 16, 21, 26, 31, 36, 41, 46]"
644c34bee80856c9546c7312,0,6,bad,40996,9,41,81,"[0, 938, 1997, 3202, 4396, 5463, 6553, 7653, 0]","[1, 6, 11, 16, 21, 26, 31, 36, 41]"
644c34bee80856c9546c7312,0,7,good,67251,17,33,160,"[0, 395, 824, 1463, 1531, 2059, 2493, 2936, 3075, 3455, 3915, 4463, 4506, 5212, 5568, 5964, 0]","[1, 3, 5, 7, 9, 11, 13, 15, 17, 19, 21, 23, 25, 27, 29, 31, 33]"
644c34bee80856c9546c7312,0,8,good,53862,15,29,139,"[0, 328, 699, 1028, 1521, 1851, 2351, 2682, 3167, 3724, 3951, 4923, 4846, 5189, 0]","[1, 3, 5, 7, 9, 11, 13, 15, 17, 19, 21, 23, 25, 27, 29]"
644c34bee80856c9546c7312,0,9,bad,29633,8,36,72,"[0, 896, 1792, 2769, 3891, 5067, 6375, 0]","[1, 6, 11, 16, 21, 26, 31, 36]"
644c34bee80856c9546c7312,0,10,good,58427,15,29,140,"[0, 459, 790, 1157, 1644, 2279, 2919, 3594, 4080, 4039, 4755, 4220, 5390, 5503, 0]","[1, 3, 5, 7, 9, 11, 13, 15, 17, 19, 21, 23, 25, 27, 29]"
644c34bee80856c9546c7312,0,11,good,24968,10,19,91,"[0, 352, 680, 1101, 1567, 2013, 2241, 2824, 3275, 0]","[1, 3, 5, 7, 9, 11, 13, 15, 17, 19]"
644c34bee80856c9546c7312,0,12,good,55314,15,29,139,"[0, 340, 725, 1151, 1707, 1999, 2699, 2959, 3374, 3817, 4265, 4535, 4842, 5273, 0]","[1, 3, 5, 7, 9, 11, 13, 15, 17, 19, 21, 23, 25, 27, 29]"
644c34bee80856c9546c7312,0,13,bad,24659,7,31,61,"[0, 857, 1733, 2713, 3971, 4935, 3144]","[1, 6, 11, 16, 21, 26, 31]"
644c34bee80856c9546c7312,1,0,bad,15346,6,26,49,"[0, 878, 1683, 2689, 3820, 0]","[1, 6, 11, 16, 21, 26]"
644c34bee80856c9546c7312,1,1,good,30251,11,21,103,"[0, 333, 682, 1117, 1732, 1908, 2481, 2742, 3204, 3427, 0]","[1, 3, 5, 7, 9, 11, 13, 15, 17, 19, 21]"
644c34bee80856c9546c7312,1,2,good,35405,12,23,109,"[0, 367, 713, 1077, 1524, 1947, 2479, 2661, 3295, 3848, 4302, 0]","[1, 3, 5, 7, 9, 11, 13, 15, 17, 19, 21, 23]"
644c34bee80856c9546c7312,1,3,bad,16503,6,26,47,"[0, 1079, 2030, 3162, 4135, 0]","[1, 6, 11, 16, 21, 26]"
644c34bee80856c9546c7312,1,4,good,26354,10,19,91,"[0, 404, 826, 1231, 1651, 2112, 2582, 3037, 3534, 0]","[1, 3, 5, 7, 9, 11, 13, 15, 17, 19]"
644c34bee80856c9546c7312,1,5,bad,16657,6,26,52,"[0, 1037, 2161, 3171, 4030, 0]","[1, 6, 11, 16, 21, 26]"
644c34bee80856c9546c7312,1,6,bad,17114,6,26,55,"[0, 1037, 2126, 3060, 4229, 0]","[1, 6, 11, 16, 21, 26]"
644c34bee80856c9546c7312,1,7,good,37351,12,23,106,"[0, 376, 776, 1225, 1640, 2112, 2646, 3110, 3488, 3889, 4359, 0]","[1, 3, 5, 7, 9, 11, 13, 15, 17, 19, 21, 23]"
644c34bee80856c9546c7312,1,8,good,36584,12,23,111,"[0, 406, 846, 1243, 1766, 2179, 2502, 2940, 3402, 3959, 4228, 0]","[1, 3, 5, 7, 9, 11, 13, 15, 17, 19, 21, 23]"
644c34bee80856c9546c7312,1,9,bad,16975,6,26,47,"[0, 995, 2096, 3182, 4310, 0]","[1, 6, 11, 16, 21, 26]"
644c34bee80856c9546c7312,1,10,good,38062,12,23,109,"[0, 389, 864, 1360, 1773, 2161, 2531, 3041, 3719, 4033, 4483, 0]","[1, 3, 5, 7, 9, 11, 13, 15, 17, 19, 21, 23]"
644c34bee80856c9546c7312,1,11,good,44107,13,25,119,"[0, 387, 841, 1293, 1731, 2302, 2586, 2844, 3454, 4059, 4591, 5015, 0]","[1, 3, 5, 7, 9, 11, 13, 15, 17, 19, 21, 23, 25]"
644c34bee80856c9546c7312,1,12,good,26854,10,19,95,"[0, 418, 869, 1272, 1754, 2197, 2653, 2991, 3544, 0]","[1, 3, 5, 7, 9, 11, 13, 15, 17, 19]"
644c34bee80856c9546c7312,1,13,bad,16809,6,26,51,"[0, 1040, 2004, 3092, 4376, 0]","[1, 6, 11, 16, 21, 26]"
644c34bee80856c9546c7312,1,14,good,43924,13,25,121,"[0, 418, 852, 1301, 1779, 2221, 2626, 3063, 3612, 4155, 4496, 4815, 0]","[1, 3, 5, 7, 9, 11, 13, 15, 17, 19, 21, 23, 25]"
644c34bee80856c9546c7312,1,15,bad,11466,5,21,41,"[0, 1063, 2047, 3254, 0]","[1, 6, 11, 16, 21]"
644c34bee80856c9546c7312,1,16,good,27076,10,19,92,"[0, 411, 842, 1231, 1737, 2205, 2571, 3106, 3565, 0]","[1, 3, 5, 7, 9, 11, 13, 15, 17, 19]"
644c34bee80856c9546c7312,1,17,bad,23039,7,31,58,"[0, 947, 1694, 2958, 4167, 5435, 0]","[1, 6, 11, 16, 21, 26, 31]"
644c34bee80856c9546c7312,1,18,bad,31258,8,36,69,"[0, 921, 1771, 3053, 4472, 6007, 6175, 0]","[1, 6, 11, 16, 21, 26, 31, 36]"
644c34bee80856c9546c7312,1,19,bad,31471,8,36,69,"[0, 1284, 2376, 3529, 3811, 4927, 6350, 0]","[1, 6, 11, 16, 21, 26, 31, 36]"
644c34bee80856c9546c7312,1,20,good,22132,9,17,78,"[0, 444, 876, 1268, 1642, 2056, 2553, 3033, 0]","[1, 3, 5, 7, 9, 11, 13, 15, 17]"
644c34bee80856c9546c7312,1,21,bad,17071,6,26,50,"[0, 1016, 2115, 3240, 4378, 0]","[1, 6, 11, 16, 21, 26]"
644c34bee80856c9546c7312,1,22,bad,16862,6,26,50,"[0, 983, 2028, 3159, 4265, 0]","[1, 6, 11, 16, 21, 26]"
644c34bee80856c9546c7312,1,23,bad,23444,7,31,61,"[0, 1025, 2070, 3123, 4559, 5528, 0]","[1, 6, 11, 16, 21, 26, 31]"
644c34bee80856c9546c7312,1,24,good,37311,12,23,111,"[0, 388, 825, 1252, 1732, 2142, 2551, 3098, 3657, 3963, 4338, 0]","[1, 3, 5, 7, 9, 11, 13, 15, 17, 19, 21, 23]"
644c34bee80856c9546c7312,1,25,bad,17054,6,26,50,"[0, 1060, 2056, 3253, 4409, 0]","[1, 6, 11, 16, 21, 26]"
644c34bee80856c9546c7312,1,26,bad,16798,6,26,51,"[0, 1047, 2167, 3211, 4350, 0]","[1, 6, 11, 16, 21, 26]"
644c34bee80856c9546c7312,1,27,bad,23989,7,31,61,"[0, 1035, 2083, 3183, 4395, 5622, 0]","[1, 6, 11, 16, 21, 26, 31]"
644c34bee80856c9546c7312,1,28,good,25137,9,17,79,"[0, 405, 863, 1228, 1770, 2199, 2657, 3273, 3208]","[1, 3, 5, 7, 9, 11, 13, 15, 17]"
5d74001d391b6600175f433b,0,0,bad,30332,8,36,69,"[0, 4338, 1637, 2260, 3263, 3875, 4810, 0]","[1, 6, 11, 16, 21, 26, 31, 36]"
5d74001d391b6600175f433b,0,1,bad,40023,10,46,91,"[0, 734, 1479, 2327, 3321, 3893, 4816, 5330, 6199, 0]","[1, 6, 11, 16, 21, 26, 31, 36, 41, 46]"
5d74001d391b6600175f433b,0,2,good,46643,15,29,141,"[0, 294, 573, 931, 1158, 1522, 1891, 2156, 2506, 2821, 3194, 3555, 4033, 4159, 0]","[1, 3, 5, 7, 9, 11, 13, 15, 17, 19, 21, 23, 25, 27, 29]"
5d74001d391b6600175f433b,0,3,bad,154784,18,86,170,"[0, 775, 1500, 2295, 3275, 5837, 5745, 6847, 7143, 13673, 7962, 9178, 10224, 12856, 12775, 13727, 14176, 0]","[1, 6, 11, 16, 21, 26, 31, 36, 41, 46, 51, 56, 61, 66, 71, 76, 81, 86]"
5d74001d391b6600175f433b,0,4,bad,13889,6,26,47,"[0, 771, 1526, 2295, 3103, 0]","[1, 6, 11, 16, 21, 26]"
5d74001d391b6600175f433b,0,5,good,212885,32,63,312,"[0, 298, 608, 876, 1179, 1554, 1928, 2258, 2748, 2928, 3468, 3811, 4060, 4401, 4866, 5163, 5319, 5946, 6500, 6903, 7236, 7427, 7454, 8622, 12916, 11861, 12416, 12147, 9404, 10059, 10394, 0]","[1, 3, 5, 7, 9, 11, 13, 15, 17, 19, 21, 23, 25, 27, 29, 31, 33, 35, 37, 39, 41, 43, 45, 47, 49, 51, 53, 55, 57, 59, 61, 63]"
5d74001d391b6600175f433b,0,6,good,80395,20,39,185,"[0, 303, 616, 916, 1251, 1834, 1911, 2278, 2701, 3030, 3343, 3762, 4195, 4451, 4783, 5031, 5363, 5820, 6202, 0]","[1, 3, 5, 7, 9, 11, 13, 15, 17, 19, 21, 23, 25, 27, 29, 31, 33, 35, 37, 39]"
5d74001d391b6600175f433b,0,7,good,41724,14,27,125,"[0, 289, 597, 913, 1228, 1848, 1943, 2498, 2604, 2969, 3395, 3724, 4130, 0]","[1, 3, 5, 7, 9, 11, 13, 15, 17, 19, 21, 23, 25, 27]"
5d74001d391b6600175f433b,0,8,good,37182,13,25,123,"[0, 306, 615, 886, 1246, 1776, 2128, 2583, 2750, 3505, 3340, 3782, 0]","[1, 3, 5, 7, 9, 11, 13, 15, 17, 19, 21, 23, 25]"
5d74001d391b6600175f433b,0,9,bad,13767,6,26,49,"[0, 726, 1493, 2272, 3192, 0]","[1, 6, 11, 16, 21, 26]"
5d74001d391b6600175f433b,0,10,good,36952,13,25,117,"[0, 275, 580, 921, 1326, 1595, 2024, 2590, 2775, 3120, 3598, 3762, 0]","[1, 3, 5, 7, 9, 11, 13, 15, 17, 19, 21, 23, 25]"
5d74001d391b6600175f433b,0,11,good,73384,18,35,169,"[0, 314, 620, 933, 1213, 1656, 2134, 2336, 2827, 3132, 3713, 3991, 4791, 4710, 5047, 5152, 5538, 5738]","[1, 3, 5, 7, 9, 11, 13, 15, 17, 19, 21, 23, 25, 27, 29, 31, 33, 35]"
5d74001d391b6600175f433b,1,0,good,46975,15,29,137,"[0, 302, 624, 971, 1309, 1605, 1952, 2286, 2914, 3445, 3307, 3594, 3922, 4316, 0]","[1, 3, 5, 7, 9, 11, 13, 15, 17, 19, 21, 23, 25, 27, 29]"
5d74001d391b6600175f433b,1,1,good,18418,9,17,81,"[0, 315, 638, 1024, 1206, 1538, 1977, 2236, 0]","[1, 3, 5, 7, 9, 11, 13, 15, 17]"
5d74001d391b6600175f433b,1,2,good,15078,8,15,73,"[0, 303, 619, 925, 1238, 1597, 2051, 0]","[1, 3, 5, 7, 9, 11, 13, 15]"
5d74001d391b6600175f433b,1,3,bad,19873,7,31,65,"[0, 762, 1602, 2475, 3504, 4337, 0]","[1, 6, 11, 16, 21, 26, 31]"
5d74001d391b6600175f433b,1,4,good,35440,11,21,103,"[0, 295, 606, 877, 1243, 1841, 2044, 2397, 3643, 9909, 0]","[1, 3, 5, 7, 9, 11, 13, 15, 17, 19, 21]"
5d74001d391b6600175f433b,1,5,good,55331,8,15,69,"[0, 14123, 744, 801, 1642, 1264, 1841, 553]","[1, 3, 5, 7, 9, 11, 13, 15]"
5d74001d391b6600175f433b,1,6,bad,52906,10,46,92,"[0, 1020, 1730, 2176, 3044, 3856, 4743, 5461, 5976, 0]","[1, 6, 11, 16, 21, 26, 31, 36, 41, 46]"
5d74001d391b6600175f433b,1,7,good,21624,10,19,95,"[0, 279, 576, 918, 1204, 1486, 1669, 2511, 2318, 0]","[1, 3, 5, 7, 9, 11, 13, 15, 17, 19]"
5d74001d391b6600175f433b,1,8,bad,13766,6,26,52,"[0, 730, 1383, 2291, 2917, 0]","[1, 6, 11, 16, 21, 26]"
5d74001d391b6600175f433b,1,9,good,17790,9,17,79,"[0, 280, 564, 878, 1174, 1581, 1854, 2179, 0]","[1, 3, 5, 7, 9, 11, 13, 15, 17]"
5d74001d391b6600175f433b,1,10,good,14539,8,15,70,"[0, 290, 585, 907, 1247, 1565, 1931, 0]","[1, 3, 5, 7, 9, 11, 13, 15]"
5d74001d391b6600175f433b,1,11,good,11420,7,13,64,"[0, 288, 563, 911, 1206, 1443, 0]","[1, 3, 5, 7, 9, 11, 13]"
5d74001d391b6600175f433b,1,12,good,8513,6,11,48,"[0, 295, 578, 890, 1248, 0]","[1, 3, 5, 7, 9, 11]"
5d74001d391b6600175f433b,1,13,bad,13397,6,26,49,"[0, 722, 1522, 2334, 3191, 0]","[1, 6, 11, 16, 21, 26]"
5d74001d391b6600175f433b,1,14,bad,9460,5,21,40,"[0, 708, 1451, 2191, 0]","[1, 6, 11, 16, 21]"
5d74001d391b6600175f433b,1,15,bad,8769,5,21,42,"[0, 689, 1499, 2173, 0]","[1, 6, 11, 16, 21]"
5d74001d391b6600175f433b,1,16,good,17482,9,17,82,"[0, 303, 551, 852, 1180, 1444, 1854, 2196, 0]","[1, 3, 5, 7, 9, 11, 13, 15, 17]"
5d74001d391b6600175f433b,1,17,bad,24874,8,36,71,"[0, 723, 1507, 2336, 3247, 3970, 4781, 0]","[1, 6, 11, 16, 21, 26, 31, 36]"
5d74001d391b6600175f433b,1,18,good,14716,8,15,72,"[0, 290, 558, 869, 1185, 1492, 1812, 0]","[1, 3, 5, 7, 9, 11, 13, 15]"
5d74001d391b6600175f433b,1,19,bad,9113,5,21,38,"[0, 743, 1529, 2306, 0]","[1, 6, 11, 16, 21]"
5d74001d391b6600175f433b,1,20,good,30682,12,23,110,"[0, 298, 588, 932, 1267, 1597, 1975, 2299, 2643, 2976, 3267, 0]","[1, 3, 5, 7, 9, 11, 13, 15, 17, 19, 21, 23]"
5d74001d391b6600175f433b,1,21,bad,13555,6,26,52,"[0, 741, 1544, 2343, 3213, 0]","[1, 6, 11, 16, 21, 26]"
5d74001d391b6600175f433b,1,22,good,11570,7,13,60,"[0, 298, 598, 888, 1187, 1557, 0]","[1, 3, 5, 7, 9, 11, 13]"
5d74001d391b6600175f433b,1,23,good,18316,9,17,81,"[0, 299, 594, 890, 1226, 1590, 1892, 2264, 0]","[1, 3, 5, 7, 9, 11, 13, 15, 17]"
5d74001d391b6600175f433b,1,24,good,18081,9,17,77,"[0, 290, 616, 948, 1226, 1605, 1929, 2276, 0]","[1, 3, 5, 7, 9, 11, 13, 15, 17]"
5d74001d391b6600175f433b,1,25,good,18468,9,17,75,"[0, 292, 589, 935, 1382, 1601, 1844, 2315, 0]","[1, 3, 5, 7, 9, 11, 13, 15, 17]"
5d74001d391b6600175f433b,1,26,bad,13611,6,26,49,"[0, 781, 1469, 2363, 3176, 0]","[1, 6, 11, 16, 21, 26]"
5d74001d391b6600175f433b,1,27,bad,13600,6,26,49,"[0, 738, 1495, 2405, 3270, 0]","[1, 6, 11, 16, 21, 26]"
5d74001d391b6600175f433b,1,28,good,14862,8,15,71,"[0, 290, 583, 929, 1253, 1570, 1920, 0]","[1, 3, 5, 7, 9, 11, 13, 15]"
5d74001d391b6600175f433b,1,29,good,31751,12,23,110,"[0, 319, 570, 1234, 1167, 1550, 1852, 2548, 2548, 2866, 3099, 0]","[1, 3, 5, 7, 9, 11, 13, 15, 17, 19, 21, 23]"
5d74001d391b6600175f433b,1,30,bad,10159,5,21,39,"[0, 730, 1557, 2277, 0]","[1, 6, 11, 16, 21]"
5d74001d391b6600175f433b,1,31,good,23847,10,19,87,"[0, 281, 565, 910, 1233, 1573, 2018, 2271, 2433, 0]","[1, 3, 5, 7, 9, 11, 13, 15, 17, 19]"
5d74001d391b6600175f433b,1,32,good,31120,12,23,108,"[0, 290, 595, 1092, 1290, 1618, 1954, 2287, 2764, 2851, 3326, 0]","[1, 3, 5, 7, 9, 11, 13, 15, 17, 19, 21, 23]"
5d74001d391b6600175f433b,1,33,good,27165,11,21,97,"[0, 314, 592, 904, 1235, 1530, 1969, 2254, 2560, 3030, 1607]","[1, 3, 5, 7, 9, 11, 13, 15, 17, 19, 21]"
