subject,env,tree,tree_type,harvest_dur,num_harvests,difficulty_at_exit,score_tree,dur_per_harvest
5fbda54192401b1cba1129b3,0,1,bad,38411,8,36,70,"[0, 2389, 2289, 2436, 3478, 5406, 6504, 4543]"
5fbda54192401b1cba1129b3,0,2,good,3766,3,5,22,"[0, 340, 593]"
5fbda54192401b1cba1129b3,0,3,good,24196,10,19,91,"[0, 323, 613, 466, 1279, 1861, 2086, 2620, 3393, 3989]"
5fbda54192401b1cba1129b3,0,4,good,19043,7,13,62,"[0, 406, 762, 1221, 1631, 2275, 4349]"
5fbda54192401b1cba1129b3,0,5,good,22577,8,15,71,"[0, 391, 737, 1194, 1638, 2122, 2623, 4988]"
5fbda54192401b1cba1129b3,0,6,bad,20059,6,26,48,"[0, 1006, 2043, 3080, 4472, 2926]"
5fbda54192401b1cba1129b3,0,7,bad,18045,6,26,48,"[0, 991, 2036, 3196, 4557, 0]"
5fbda54192401b1cba1129b3,0,8,bad,25385,7,31,59,"[0, 1111, 2436, 3602, 5016, 5622, 0]"
5fbda54192401b1cba1129b3,0,9,bad,27860,7,31,58,"[0, 955, 1989, 3059, 4476, 5434, 4240]"
5fbda54192401b1cba1129b3,0,10,bad,29630,7,31,60,"[0, 1009, 2141, 3260, 5389, 6011, 3251]"
5fbda54192401b1cba1129b3,0,11,bad,16940,6,26,50,"[0, 967, 1945, 3306, 4174, 0]"
5fbda54192401b1cba1129b3,0,12,good,18505,8,15,74,"[0, 406, 800, 1245, 1770, 2163, 2800, 0]"
5fbda54192401b1cba1129b3,0,13,good,22113,9,17,78,"[0, 391, 836, 1286, 1757, 2464, 2820, 2291, 0]"
5fbda54192401b1cba1129b3,0,14,good,23033,9,17,84,"[0, 419, 817, 1422, 1771, 2561, 2678, 3274, 0]"
5fbda54192401b1cba1129b3,0,15,bad,23279,6,26,49,"[0, 1073, 2276, 3935, 5048, 4882]"
5fbda54192401b1cba1129b3,0,16,good,99126,16,31,151,"[573, 231, 923, 1533, 2009, 2643, 3136, 3520, 4392, 4458, 5614, 5158, 4867, 5639, 5855, 4624]"
5fbda54192401b1cba1129b3,0,17,good,24285,9,17,75,"[0, 424, 903, 1217, 1825, 2224, 3066, 2972, 0]"
5fbda54192401b1cba1129b3,0,18,good,28538,9,17,79,"[0, 849, 809, 1248, 2229, 2569, 3196, 4221, 0]"
5fbda54192401b1cba1129b3,0,19,bad,26249,6,26,52,"[0, 1916, 2147, 3817, 4430, 2930]"
5fbda54192401b1cba1129b3,0,20,good,36410,11,21,101,"[0, 455, 875, 1376, 1783, 2546, 3078, 3281, 4373, 4744, 0]"
5fbda54192401b1cba1129b3,0,21,bad,51754,9,41,79,"[0, 1092, 2083, 3928, 4796, 5852, 6435, 8266, 4299]"
5fbda54192401b1cba1129b3,0,22,good,32756,10,19,91,"[0, 457, 992, 1404, 1794, 2645, 2975, 3370, 4226, 2566]"
5fbda54192401b1cba1129b3,0,23,bad,23271,6,26,51,"[0, 1637, 2512, 3530, 5450, 3479]"
5fbda54192401b1cba1129b3,0,24,bad,20266,6,26,48,"[0, 1089, 2445, 3918, 5511, 0]"
5fbda54192401b1cba1129b3,0,25,good,56614,13,25,121,"[0, 687, 1027, 2054, 2228, 2813, 4393, 3312, 5144, 5672, 4400, 5841, 1574]"
5fbda54192401b1cba1129b3,0,26,good,22187,8,15,70,"[0, 406, 854, 1259, 1706, 2203, 2542, 4027]"
5fbda54192401b1cba1129b3,0,27,good,46108,10,19,88,"[0, 438, 846, 1395, 3271, 2568, 2900, 8215, 4792, 4132]"
5fbda54192401b1cba1129b3,1,1,bad,19299,5,21,39,"[0, 1063, 2097, 2238, 0]"
5fbda54192401b1cba1129b3,1,2,good,22482,8,15,71,"[0, 367, 787, 1140, 1535, 2016, 4258, 3528]"
5fbda54192401b1cba1129b3,1,3,good,27355,8,17,82,"[486, 1361, 1489, 2166, 2217, 2779, 3363, 3702]"
5fbda54192401b1cba1129b3,1,4,good,44984,11,21,105,"[0, 434, 866, 1217, 1771, 2026, 2610, 3370, 3919, 4333, 11776]"
5fbda54192401b1cba1129b3,1,5,bad,49160,9,41,78,"[0, 0, 1940, 3331, 4536, 5754, 6979, 8320, 9905]"
5fbda54192401b1cba1129b3,1,6,bad,36089,7,31,58,"[0, 1065, 2244, 4270, 6574, 6961, 7058]"
5fbda54192401b1cba1129b3,1,7,bad,52642,8,36,70,"[0, 1122, 2224, 3558, 5138, 6687, 6640, 17636]"
5fbda54192401b1cba1129b3,1,8,good,70498,14,27,129,"[0, 459, 869, 1352, 1899, 3392, 2883, 4117, 4179, 4624, 7102, 7851, 5154, 8870]"
5fbda54192401b1cba1129b3,1,9,good,60385,14,27,135,"[0, 454, 876, 1264, 2069, 2589, 2675, 3364, 3964, 5667, 4470, 5627, 8872, 1377]"
5fbda54192401b1cba1129b3,1,10,good,39913,10,19,94,"[0, 458, 819, 1380, 1725, 2456, 2764, 3683, 4009, 10006]"
5fbda54192401b1cba1129b3,1,11,bad,25609,5,21,39,"[0, 1072, 2328, 4214, 12883]"
5fbda54192401b1cba1129b3,1,12,good,36788,10,19,89,"[0, 651, 936, 1437, 2498, 2592, 3136, 3448, 4049, 6486]"
5fbda54192401b1cba1129b3,1,13,good,29365,9,20,79,"[0, 482, 909, 1416, 1861, 2394, 3392, 5346, 3136]"
5fbda54192401b1cba1129b3,1,14,bad,29700,6,26,51,"[0, 1056, 2332, 4720, 5019, 9955]"
5fbda54192401b1cba1129b3,1,15,bad,33377,8,36,68,"[0, 996, 2213, 3424, 5294, 5683, 7259, 0]"
5fbda54192401b1cba1129b3,1,16,bad,75268,9,41,82,"[0, 974, 2529, 4192, 6575, 17207, 10117, 7720, 14392]"
5fbda54192401b1cba1129b3,1,17,bad,40837,6,26,48,"[0, 1027, 2658, 5657, 13619, 9743]"
5fbda54192401b1cba1129b3,1,18,bad,41237,7,31,57,"[0, 938, 2874, 4751, 6965, 6129, 9804]"
5fbda54192401b1cba1129b3,1,19,bad,50767,7,31,63,"[0, 925, 2485, 3721, 5638, 7650, 17702]"
5fbda54192401b1cba1129b3,1,20,good,50503,11,21,100,"[0, 410, 772, 1538, 2783, 2247, 4303, 7923, 3983, 4680, 6905]"
66672cf74a7ce26512636d19,0,1,bad,67080,12,56,113,"[0, 897, 1426, 2780, 3484, 3773, 5202, 5297, 6998, 7035, 9112, 1218]"
66672cf74a7ce26512636d19,0,2,good,89634,20,39,188,"[0, 476, 819, 1079, 990, 1693, 2275, 3557, 5387, 5467, 4205, 4466, 5040, 4081, 3933, 4369, 6955, 4819, 5869, 0]"
66672cf74a7ce26512636d19,0,3,good,93250,21,41,204,"[0, 405, 461, 1251, 1696, 1762, 2016, 2798, 3125, 2773, 3032, 3090, 3551, 4320, 4810, 4679, 5692, 6755, 6289, 7592, 0]"
66672cf74a7ce26512636d19,0,4,good,119846,22,43,205,"[0, 389, 792, 1201, 1963, 2208, 2919, 4024, 4186, 4969, 4939, 6681, 3783, 7635, 7371, 7485, 6411, 7273, 7110, 5434, 6316, 0]"
66672cf74a7ce26512636d19,0,5,good,115889,21,41,198,"[0, 715, 1112, 907, 2248, 2585, 3358, 3617, 4306, 2882, 4071, 6926, 7881, 5220, 4900, 6423, 7532, 8662, 8436, 8479, 0]"
66672cf74a7ce26512636d19,0,6,bad,60492,11,51,101,"[0, 1266, 2766, 2599, 7052, 5013, 6538, 7091, 6643, 7800, 0]"
66672cf74a7ce26512636d19,0,7,bad,56618,11,51,97,"[0, 1922, 1881, 2832, 4748, 3978, 5053, 6565, 8269, 8706, 0]"
66672cf74a7ce26512636d19,0,8,bad,81773,13,61,118,"[0, 1141, 2041, 2681, 3948, 4740, 6101, 6203, 7383, 10917, 9156, 10960, 1043]"
66672cf74a7ce26512636d19,0,9,good,62737,17,33,158,"[0, 283, 703, 874, 1949, 2024, 2492, 2268, 2970, 3341, 3151, 3624, 4647, 4577, 5711, 4813, 0]"
66672cf74a7ce26512636d19,0,10,bad,100633,15,71,146,"[0, 1093, 1508, 2551, 2811, 4155, 5386, 6461, 6765, 8667, 7965, 10030, 11298, 11673, 1432]"
66672cf74a7ce26512636d19,1,1,bad,155022,19,91,183,"[0, 1369, 2226, 2988, 3676, 4192, 5254, 6146, 6327, 8287, 8385, 8650, 9576, 10923, 11479, 11600, 12550, 13727, 3523]"
66672cf74a7ce26512636d19,1,2,good,116322,23,45,221,"[0, 375, 874, 1136, 1419, 1530, 2422, 2654, 3354, 3980, 3922, 4299, 4204, 4208, 5787, 4954, 5575, 5442, 6594, 6832, 7355, 7303, 0]"
66672cf74a7ce26512636d19,1,3,bad,110339,16,76,152,"[0, 1077, 2115, 3315, 3089, 5034, 5246, 5570, 7640, 9000, 8068, 9238, 9797, 11449, 10641, 0]"
66672cf74a7ce26512636d19,1,4,good,143917,26,51,253,"[0, 298, 553, 1485, 2125, 1650, 1798, 3576, 5724, 3270, 3235, 3325, 3910, 4777, 4534, 5681, 7219, 5934, 7495, 6988, 6913, 7457, 6618, 8502, 7950, 0]"
66672cf74a7ce26512636d19,1,5,bad,140529,17,81,157,"[0, 658, 1668, 3081, 4467, 5878, 7068, 6742, 6099, 6701, 8196, 8075, 10179, 10922, 12730, 13353, 9949]"
66672cf74a7ce26512636d19,1,6,bad,105135,15,71,140,"[0, 1072, 1741, 1932, 2722, 3914, 5765, 5833, 6882, 9330, 11705, 8437, 9269, 11285, 6504]"
66672cf74a7ce26512636d19,1,7,good,77434,19,37,176,"[0, 444, 555, 938, 1278, 1290, 1606, 1948, 2567, 2724, 3431, 4610, 3615, 4797, 4351, 4687, 4754, 5190, 2981]"
65de3fafab17ebda9cb762aa,0,1,good,897501,43,85,414,"[0, 1366, 2119, 2648, 3696, 4378, 5470, 6581, 8027, 7996, 9835, 10761, 12649, 12566, 12563, 15570, 16710, 22358, 19028, 22459, 23692, 21108, 20599, 19807, 21037, 23014, 23172, 22002, 25702, 23855, 26238, 28258, 29501, 29169, 29346, 33089, 34196, 32688, 31325, 34061, 35929, 45196, 11365]"
65de3fafab17ebda9cb762aa,1,1,bad,897485,24,116,227,"[0, 2436, 5641, 7726, 12869, 16050, 22181, 21826, 23855, 27064, 34862, 35250, 37494, 39524, 47146, 51812, 55757, 56063, 60624, 60971, 69449, 68982, 75985, 24202]"
5e9b5a4544abb6061b193dea,0,1,good,46018,13,25,118,"[0, 800, 1369, 2257, 1391, 1800, 2201, 2463, 2871, 3265, 3169, 3352, 0]"
5e9b5a4544abb6061b193dea,0,2,bad,17481,6,26,51,"[0, 1017, 1840, 3025, 3712, 0]"
5e9b5a4544abb6061b193dea,0,3,bad,12289,5,21,41,"[0, 1055, 2232, 2944, 0]"
5e9b5a4544abb6061b193dea,0,4,bad,11091,5,21,39,"[0, 1032, 2104, 1891, 0]"
5e9b5a4544abb6061b193dea,0,5,good,11753,6,11,47,"[0, 576, 1120, 1169, 1415, 0]"
5e9b5a4544abb6061b193dea,0,6,good,15960,7,13,56,"[0, 495, 976, 1552, 1328, 1656, 0]"
5e9b5a4544abb6061b193dea,0,7,bad,7416,4,16,29,"[0, 1056, 1928, 0]"
5e9b5a4544abb6061b193dea,0,8,good,10633,6,11,51,"[0, 576, 833, 1040, 1328, 0]"
5e9b5a4544abb6061b193dea,0,9,bad,6585,4,16,30,"[0, 888, 1744, 0]"
5e9b5a4544abb6061b193dea,0,10,bad,10529,5,21,43,"[0, 911, 1792, 2160, 0]"
5e9b5a4544abb6061b193dea,0,11,bad,7640,4,16,30,"[0, 1225, 1672, 0]"
5e9b5a4544abb6061b193dea,0,12,bad,7455,4,16,29,"[0, 1031, 1640, 0]"
5e9b5a4544abb6061b193dea,0,13,bad,6792,4,16,30,"[0, 895, 1599, 0]"
5e9b5a4544abb6061b193dea,0,14,bad,6705,4,16,30,"[0, 951, 1584, 0]"
5e9b5a4544abb6061b193dea,0,15,good,10016,6,11,50,"[0, 359, 655, 1000, 1240, 0]"
5e9b5a4544abb6061b193dea,0,16,good,13493,7,13,60,"[0, 568, 680, 1056, 1351, 1335, 0]"
5e9b5a4544abb6061b193dea,0,17,bad,7040,4,16,32,"[0, 864, 1640, 0]"
5e9b5a4544abb6061b193dea,0,18,good,18353,9,17,79,"[0, 456, 688, 913, 1009, 1289, 1440, 1881, 0]"
5e9b5a4544abb6061b193dea,0,19,bad,9481,5,21,40,"[0, 864, 1696, 1927, 0]"
5e9b5a4544abb6061b193dea,0,20,bad,11073,5,21,43,"[0, 878, 1392, 1840, 0]"
5e9b5a4544abb6061b193dea,0,21,bad,10641,5,21,37,"[0, 880, 1655, 1921, 0]"
5e9b5a4544abb6061b193dea,0,22,bad,12065,5,21,38,"[0, 759, 1632, 2096, 0]"
5e9b5a4544abb6061b193dea,0,23,bad,11690,5,21,38,"[0, 863, 1527, 2097, 0]"
5e9b5a4544abb6061b193dea,0,24,good,17160,8,15,69,"[0, 328, 632, 1040, 1343, 1632, 2080, 0]"
5e9b5a4544abb6061b193dea,0,25,bad,10472,5,21,40,"[0, 951, 1672, 2112, 0]"
5e9b5a4544abb6061b193dea,0,26,good,17631,7,13,64,"[0, 824, 1321, 1864, 2023, 2438, 0]"
5e9b5a4544abb6061b193dea,0,27,bad,15384,5,21,41,"[0, 1768, 3392, 4112, 0]"
5e9b5a4544abb6061b193dea,0,28,bad,9745,4,16,30,"[0, 2128, 2864, 0]"
5e9b5a4544abb6061b193dea,0,29,bad,10136,4,16,30,"[0, 1737, 2583, 0]"
5e9b5a4544abb6061b193dea,0,30,bad,8984,4,16,28,"[0, 1624, 2576, 0]"
5e9b5a4544abb6061b193dea,0,31,bad,7920,4,16,30,"[0, 1544, 2216, 0]"
5e9b5a4544abb6061b193dea,0,32,good,15610,7,13,58,"[0, 760, 1000, 1304, 1641, 2154, 0]"
5e9b5a4544abb6061b193dea,0,33,bad,8130,4,16,32,"[0, 1508, 2210, 0]"
5e9b5a4544abb6061b193dea,0,34,bad,10103,4,16,30,"[0, 1303, 2510, 0]"
5e9b5a4544abb6061b193dea,0,35,good,15712,7,13,58,"[0, 721, 815, 1248, 1560, 2032, 0]"
5e9b5a4544abb6061b193dea,0,36,good,14929,7,13,60,"[0, 392, 872, 1192, 1488, 2265, 0]"
5e9b5a4544abb6061b193dea,0,37,bad,7655,4,16,31,"[0, 1263, 1888, 0]"
5e9b5a4544abb6061b193dea,0,38,good,14033,7,13,61,"[0, 599, 792, 1112, 1449, 1776, 0]"
5e9b5a4544abb6061b193dea,0,39,bad,7160,4,16,32,"[0, 1008, 1776, 0]"
5e9b5a4544abb6061b193dea,0,40,good,13584,7,13,64,"[0, 561, 697, 1023, 1344, 1673, 0]"
5e9b5a4544abb6061b193dea,0,41,bad,7384,4,16,33,"[0, 1073, 1753, 0]"
5e9b5a4544abb6061b193dea,0,42,good,15018,7,13,59,"[0, 376, 696, 1024, 1377, 3048, 0]"
5e9b5a4544abb6061b193dea,0,43,good,13673,7,13,60,"[0, 392, 704, 1040, 1359, 1751, 0]"
5e9b5a4544abb6061b193dea,0,44,bad,7224,4,16,30,"[0, 1072, 2040, 0]"
5e9b5a4544abb6061b193dea,0,45,good,14288,7,13,61,"[0, 441, 832, 1095, 1512, 1880, 0]"
5e9b5a4544abb6061b193dea,0,46,bad,7496,4,16,30,"[0, 1103, 1808, 0]"
5e9b5a4544abb6061b193dea,0,47,good,13616,7,13,60,"[0, 416, 736, 1080, 1455, 1847, 0]"
5e9b5a4544abb6061b193dea,0,48,good,13952,7,13,62,"[0, 593, 703, 1071, 1440, 1800, 0]"
5e9b5a4544abb6061b193dea,0,49,good,14952,7,13,61,"[0, 601, 720, 1087, 1417, 1808, 0]"
5e9b5a4544abb6061b193dea,0,50,good,14451,7,13,61,"[0, 392, 751, 1064, 2393, 1778, 0]"
5e9b5a4544abb6061b193dea,0,51,bad,2248,2,6,10,"[0, 863]"
5e9b5a4544abb6061b193dea,1,1,good,19792,8,15,67,"[0, 440, 752, 1113, 1472, 1983, 2648, 0]"
5e9b5a4544abb6061b193dea,1,2,bad,7642,4,16,29,"[0, 1032, 1904, 0]"
5e9b5a4544abb6061b193dea,1,3,bad,11775,5,21,42,"[0, 935, 1937, 3544, 0]"
5e9b5a4544abb6061b193dea,1,4,good,20998,9,17,81,"[0, 544, 736, 1080, 1440, 1871, 2048, 2376, 0]"
5e9b5a4544abb6061b193dea,1,5,good,20920,9,17,82,"[0, 495, 736, 1048, 1400, 1761, 2072, 2360, 0]"
5e9b5a4544abb6061b193dea,1,6,bad,12416,5,21,38,"[0, 952, 2049, 3721, 0]"
5e9b5a4544abb6061b193dea,1,7,good,21855,9,17,82,"[0, 384, 775, 1201, 1656, 1874, 2583, 2848, 0]"
5e9b5a4544abb6061b193dea,1,8,good,24168,9,17,79,"[0, 382, 736, 1127, 1488, 2754, 2736, 3303, 0]"
5e9b5a4544abb6061b193dea,1,9,bad,10936,5,21,38,"[0, 952, 1808, 2530, 0]"
5e9b5a4544abb6061b193dea,1,10,good,20153,9,17,80,"[0, 361, 696, 1032, 1408, 1753, 2344, 2352, 0]"
5e9b5a4544abb6061b193dea,1,11,bad,10175,5,21,40,"[0, 919, 1696, 2427, 0]"
5e9b5a4544abb6061b193dea,1,12,good,20984,9,17,80,"[0, 520, 744, 1073, 1432, 1783, 2200, 2641, 0]"
5e9b5a4544abb6061b193dea,1,13,bad,10432,5,21,39,"[0, 864, 1679, 2496, 0]"
5e9b5a4544abb6061b193dea,1,14,good,21176,9,17,75,"[0, 360, 753, 1136, 1505, 1856, 2272, 2488, 0]"
5e9b5a4544abb6061b193dea,1,15,bad,10008,5,21,44,"[0, 991, 1416, 2272, 0]"
5e9b5a4544abb6061b193dea,1,16,good,23384,10,19,93,"[0, 337, 665, 1056, 1369, 1711, 2064, 2384, 2544, 0]"
5e9b5a4544abb6061b193dea,1,17,bad,9968,5,21,40,"[0, 791, 1609, 2353, 0]"
5e9b5a4544abb6061b193dea,1,18,good,23729,10,19,90,"[0, 329, 624, 976, 1329, 1616, 1944, 2305, 2681, 0]"
5e9b5a4544abb6061b193dea,1,19,good,24858,11,21,100,"[0, 360, 647, 976, 1263, 1585, 1615, 1872, 2024, 2184, 0]"
5e9b5a4544abb6061b193dea,1,20,bad,12745,6,26,52,"[0, 800, 1512, 1993, 2440, 0]"
5e9b5a4544abb6061b193dea,1,21,good,24408,11,21,99,"[0, 344, 624, 1016, 1264, 1560, 1576, 1719, 1881, 2128, 0]"
5e9b5a4544abb6061b193dea,1,22,bad,9560,5,21,36,"[0, 816, 1592, 1944, 0]"
5e9b5a4544abb6061b193dea,1,23,good,24959,11,21,100,"[0, 343, 623, 864, 1208, 1456, 1527, 1961, 2287, 2457, 0]"
5e9b5a4544abb6061b193dea,1,24,good,25545,11,21,102,"[0, 336, 624, 808, 1024, 1496, 2231, 1984, 2169, 2295, 0]"
5e9b5a4544abb6061b193dea,1,25,good,25520,11,21,101,"[0, 376, 679, 1032, 1369, 1632, 1625, 1839, 2055, 2440, 0]"
5e9b5a4544abb6061b193dea,1,26,bad,10513,5,21,40,"[0, 864, 1601, 2377, 0]"
5e9b5a4544abb6061b193dea,1,27,bad,10064,5,21,40,"[0, 880, 1608, 1873, 0]"
5e9b5a4544abb6061b193dea,1,28,bad,8528,5,21,41,"[0, 824, 1344, 1865, 0]"
5e9b5a4544abb6061b193dea,1,29,good,22919,10,19,89,"[0, 368, 712, 1080, 1344, 1601, 1936, 1681, 2728, 0]"
5e9b5a4544abb6061b193dea,1,30,good,21183,10,19,95,"[0, 344, 664, 982, 1240, 1560, 1616, 1689, 2056, 0]"
5e9b5a4544abb6061b193dea,1,31,good,25706,11,21,101,"[0, 519, 624, 952, 1312, 2000, 1480, 1728, 1951, 2152, 0]"
5e9b5a4544abb6061b193dea,1,32,bad,16025,6,26,51,"[0, 880, 1408, 1800, 2536, 3257]"
66572731cb06ce43c72bdf8a,0,1,bad,122131,17,81,162,"[0, 675, 1311, 1991, 2844, 3939, 4620, 5745, 6455, 7669, 8576, 9728, 10610, 11855, 12282, 14002, 0]"
66572731cb06ce43c72bdf8a,0,2,bad,78260,13,61,117,"[0, 751, 1574, 2462, 3408, 4456, 5839, 6423, 8043, 8859, 10570, 10892, 0]"
66572731cb06ce43c72bdf8a,0,3,good,120062,23,45,221,"[0, 308, 619, 932, 1468, 1549, 2209, 2835, 3426, 3633, 4128, 4440, 4342, 4909, 5674, 6352, 6634, 6975, 7294, 7494, 7903, 8487, 0]"
66572731cb06ce43c72bdf8a,0,4,good,123800,23,45,221,"[0, 401, 621, 911, 1386, 2342, 2397, 2810, 3841, 3588, 4156, 4261, 4923, 6110, 6166, 7147, 6212, 7105, 7523, 8177, 7707, 7786, 0]"
66572731cb06ce43c72bdf8a,0,5,good,191428,29,57,280,"[0, 317, 604, 940, 1277, 1840, 2347, 2838, 3165, 3856, 4288, 4666, 5171, 5587, 5707, 6633, 7337, 7284, 7573, 7805, 7987, 8850, 8816, 9372, 9770, 10024, 10976, 10471, 622]"
66572731cb06ce43c72bdf8a,0,6,good,158925,26,51,253,"[0, 330, 639, 1041, 1519, 2271, 2562, 2963, 3406, 4373, 4844, 4285, 5098, 4830, 5436, 5983, 6640, 7293, 7199, 8102, 8548, 9099, 8616, 9531, 9779, 3550]"
66572731cb06ce43c72bdf8a,0,7,good,53141,15,29,143,"[0, 453, 696, 1331, 1436, 1989, 2446, 2949, 3155, 3519, 3801, 4416, 4852, 5101, 0]"
66572731cb06ce43c72bdf8a,0,8,good,17033,8,15,69,"[0, 314, 719, 1017, 1412, 1872, 2396, 980]"
66572731cb06ce43c72bdf8a,1,1,good,55415,14,27,135,"[0, 334, 710, 1258, 1511, 1911, 2465, 2825, 3383, 3864, 5896, 5276, 4939, 5272]"
66572731cb06ce43c72bdf8a,1,2,bad,148902,17,81,159,"[0, 792, 1631, 2925, 4346, 6085, 6421, 8129, 8632, 9838, 9721, 11556, 12712, 14067, 13704, 15040, 4013]"
66572731cb06ce43c72bdf8a,1,3,good,131064,23,45,216,"[0, 314, 604, 982, 1547, 2408, 2748, 2788, 3122, 3640, 4309, 4412, 4929, 6089, 6189, 6476, 6821, 7591, 7760, 7495, 7664, 8332, 8346]"
66572731cb06ce43c72bdf8a,1,4,good,157995,27,53,251,"[0, 536, 607, 1373, 1680, 1869, 2420, 2990, 3337, 3810, 4245, 4851, 5209, 5849, 5927, 6097, 6688, 6216, 6852, 6169, 6930, 7456, 8045, 8749, 9170, 9366, 0]"
66572731cb06ce43c72bdf8a,1,5,bad,129047,16,76,155,"[0, 876, 1573, 2498, 3891, 4572, 5528, 7047, 7106, 7797, 10691, 12406, 12851, 13368, 13392, 7050]"
66572731cb06ce43c72bdf8a,1,6,good,133631,25,49,237,"[0, 328, 672, 1070, 1492, 1820, 2362, 2836, 3029, 3549, 3872, 4116, 4820, 4640, 5460, 5903, 6293, 6695, 7233, 7378, 7998, 7716, 8322, 8198, 0]"
66572731cb06ce43c72bdf8a,1,7,bad,101078,14,66,128,"[0, 747, 1526, 2627, 3629, 4767, 5973, 6528, 7200, 8130, 9309, 11005, 11169, 13210]"
62713a003caa3feec5c6a0ba,0,1,bad,4689,2,6,10,"[0, 2881]"
62713a003caa3feec5c6a0ba,0,2,good,1505,2,3,10,"[0, 0]"
62713a003caa3feec5c6a0ba,0,3,good,2297,2,3,10,"[0, 530]"
62713a003caa3feec5c6a0ba,0,4,good,1752,2,3,10,"[0, 0]"
62713a003caa3feec5c6a0ba,0,5,good,12160,6,11,53,"[0, 1792, 800, 1088, 1352, 0]"
62713a003caa3feec5c6a0ba,0,6,good,7448,5,9,37,"[0, 360, 744, 1200, 0]"
62713a003caa3feec5c6a0ba,0,7,good,10640,6,11,49,"[0, 391, 776, 1176, 1576, 0]"
62713a003caa3feec5c6a0ba,0,8,good,7792,5,9,38,"[0, 680, 808, 1208, 0]"
62713a003caa3feec5c6a0ba,0,9,bad,11608,5,21,41,"[0, 1120, 2008, 2857, 0]"
62713a003caa3feec5c6a0ba,0,10,good,1440,2,3,9,"[0, 0]"
62713a003caa3feec5c6a0ba,0,11,good,13496,7,13,61,"[0, 392, 760, 1272, 1512, 1992, 0]"
62713a003caa3feec5c6a0ba,0,12,bad,6937,4,16,29,"[0, 920, 2008, 0]"
62713a003caa3feec5c6a0ba,0,13,bad,7088,4,16,30,"[0, 984, 1944, 0]"
62713a003caa3feec5c6a0ba,0,14,bad,12272,5,21,40,"[0, 920, 2056, 3143, 728]"
62713a003caa3feec5c6a0ba,0,15,good,10864,6,11,47,"[0, 368, 744, 1119, 1544, 176]"
62713a003caa3feec5c6a0ba,0,16,bad,11072,4,16,29,"[0, 824, 1937, 4568]"
62713a003caa3feec5c6a0ba,0,17,good,14504,7,13,62,"[0, 384, 776, 1176, 1536, 1927, 0]"
62713a003caa3feec5c6a0ba,0,18,good,7896,5,9,40,"[0, 399, 840, 1152, 0]"
62713a003caa3feec5c6a0ba,0,19,bad,6192,4,16,29,"[0, 881, 1760, 152]"
62713a003caa3feec5c6a0ba,0,20,bad,2784,2,6,10,"[0, 1056]"
62713a003caa3feec5c6a0ba,0,21,bad,3584,3,11,18,"[0, 1025, 281]"
62713a003caa3feec5c6a0ba,0,22,bad,8624,3,11,20,"[0, 832, 4920]"
62713a003caa3feec5c6a0ba,0,23,good,10208,6,11,50,"[0, 392, 792, 1089, 1559, 0]"
62713a003caa3feec5c6a0ba,0,24,good,13040,5,9,40,"[0, 392, 793, 1231, 4936]"
62713a003caa3feec5c6a0ba,0,25,bad,15464,6,26,52,"[0, 1024, 2079, 2417, 3407, 0]"
62713a003caa3feec5c6a0ba,0,26,bad,4201,3,11,22,"[0, 1208, 0]"
62713a003caa3feec5c6a0ba,0,27,good,10687,6,11,50,"[0, 479, 801, 1192, 1616, 0]"
62713a003caa3feec5c6a0ba,0,28,bad,7008,4,16,31,"[0, 952, 2200, 297]"
62713a003caa3feec5c6a0ba,0,29,good,7720,5,9,41,"[0, 376, 768, 1176, 0]"
62713a003caa3feec5c6a0ba,0,30,good,7360,5,9,39,"[0, 376, 808, 1241, 0]"
62713a003caa3feec5c6a0ba,0,31,bad,7160,4,16,33,"[0, 1360, 1960, 0]"
62713a003caa3feec5c6a0ba,0,32,good,36872,12,23,112,"[0, 391, 792, 1224, 1679, 2066, 2641, 3024, 3416, 3937, 4233, 0]"
62713a003caa3feec5c6a0ba,0,33,good,27145,10,19,94,"[0, 400, 848, 1312, 1672, 2152, 2512, 2968, 3216, 608]"
62713a003caa3feec5c6a0ba,0,34,good,1168,2,3,9,"[0, 0]"
62713a003caa3feec5c6a0ba,0,35,good,10993,6,11,49,"[0, 406, 800, 1256, 1735, 0]"
62713a003caa3feec5c6a0ba,0,36,good,11544,6,11,53,"[0, 400, 840, 1256, 1664, 1336]"
62713a003caa3feec5c6a0ba,0,37,good,15056,6,11,49,"[0, 415, 816, 1264, 1720, 4793]"
62713a003caa3feec5c6a0ba,0,38,bad,11893,4,16,32,"[0, 1104, 2039, 5008]"
62713a003caa3feec5c6a0ba,0,39,bad,7048,4,16,31,"[0, 1081, 2103, 0]"
62713a003caa3feec5c6a0ba,0,40,bad,3544,3,11,18,"[0, 1000, 0]"
62713a003caa3feec5c6a0ba,0,41,bad,1919,2,6,9,"[0, 655]"
62713a003caa3feec5c6a0ba,0,42,bad,1832,2,6,10,"[0, 504]"
62713a003caa3feec5c6a0ba,0,43,bad,7312,4,16,30,"[0, 1272, 2144, 0]"
62713a003caa3feec5c6a0ba,0,44,good,24975,10,19,91,"[0, 400, 808, 1297, 1656, 1832, 2328, 2592, 3112, 311]"
62713a003caa3feec5c6a0ba,0,45,good,13288,7,13,61,"[0, 360, 792, 1144, 1592, 2016, 0]"
62713a003caa3feec5c6a0ba,0,46,bad,15519,5,21,38,"[0, 968, 2008, 2688, 4824]"
62713a003caa3feec5c6a0ba,0,47,bad,7479,4,16,30,"[0, 912, 1937, 1040]"
62713a003caa3feec5c6a0ba,0,48,bad,6288,4,16,30,"[0, 864, 1896, 0]"
62713a003caa3feec5c6a0ba,0,49,bad,11974,4,16,30,"[0, 1016, 2056, 4999]"
62713a003caa3feec5c6a0ba,0,50,bad,8616,3,11,18,"[0, 1047, 4920]"
62713a003caa3feec5c6a0ba,0,51,good,20552,8,15,71,"[401, 0, 754, 1256, 1783, 2135, 2496, 4928]"
62713a003caa3feec5c6a0ba,0,52,good,21992,8,15,70,"[0, 409, 856, 1313, 1760, 2152, 2497, 5006]"
62713a003caa3feec5c6a0ba,0,53,good,17208,6,13,58,"[233, 792, 1304, 1664, 2153, 4832]"
62713a003caa3feec5c6a0ba,0,54,good,12183,5,9,39,"[0, 400, 848, 1279, 4951]"
62713a003caa3feec5c6a0ba,0,55,good,15080,6,11,51,"[0, 400, 823, 1288, 1672, 4960]"
62713a003caa3feec5c6a0ba,0,56,bad,11232,4,16,29,"[0, 1016, 2080, 4424]"
62713a003caa3feec5c6a0ba,0,57,good,15408,6,11,53,"[0, 408, 856, 1296, 1696, 4848]"
62713a003caa3feec5c6a0ba,0,58,good,14895,6,11,50,"[0, 408, 864, 1320, 1752, 4495]"
62713a003caa3feec5c6a0ba,0,59,bad,7016,4,16,31,"[0, 1144, 2153, 0]"
62713a003caa3feec5c6a0ba,0,60,bad,14463,5,21,36,"[0, 1024, 2097, 3376, 2775]"
62713a003caa3feec5c6a0ba,0,61,good,13952,7,13,60,"[0, 425, 833, 1248, 1799, 2104, 236]"
62713a003caa3feec5c6a0ba,0,62,good,5841,4,7,33,"[0, 392, 848, 1136]"
62713a003caa3feec5c6a0ba,1,1,good,33160,11,21,100,"[0, 296, 680, 1016, 1399, 1847, 2208, 2553, 2864, 2928, 5248]"
62713a003caa3feec5c6a0ba,1,2,bad,10079,5,21,41,"[0, 897, 1848, 2615, 0]"
62713a003caa3feec5c6a0ba,1,3,bad,9991,5,21,40,"[0, 848, 1815, 2440, 0]"
62713a003caa3feec5c6a0ba,1,4,bad,19488,5,21,40,"[0, 880, 1966, 2824, 8865]"
62713a003caa3feec5c6a0ba,1,5,bad,15648,6,26,50,"[0, 880, 1889, 2880, 3752, 0]"
62713a003caa3feec5c6a0ba,1,6,bad,11343,5,21,39,"[0, 1024, 1609, 2495, 1280]"
62713a003caa3feec5c6a0ba,1,7,good,26527,11,21,104,"[0, 296, 631, 1009, 1353, 1688, 2056, 2359, 2673, 2671, 0]"
62713a003caa3feec5c6a0ba,1,8,bad,21143,7,31,57,"[0, 871, 1808, 2714, 3856, 4687, 0]"
62713a003caa3feec5c6a0ba,1,9,bad,14744,6,26,51,"[0, 960, 1890, 2582, 3263, 0]"
62713a003caa3feec5c6a0ba,1,10,bad,22911,7,31,60,"[0, 807, 1833, 2632, 3672, 4472, 2343]"
62713a003caa3feec5c6a0ba,1,11,bad,9559,5,21,38,"[0, 841, 1736, 2304, 0]"
62713a003caa3feec5c6a0ba,1,12,bad,16240,6,26,49,"[0, 1008, 2049, 3136, 3960, 0]"
62713a003caa3feec5c6a0ba,1,13,good,17281,8,15,71,"[0, 376, 760, 1104, 1552, 1976, 2872, 0]"
62713a003caa3feec5c6a0ba,1,14,good,16792,8,15,70,"[0, 384, 753, 1136, 1648, 1967, 2415, 0]"
62713a003caa3feec5c6a0ba,1,15,bad,10232,5,21,40,"[0, 920, 1848, 2576, 160]"
62713a003caa3feec5c6a0ba,1,16,good,25087,10,19,88,"[0, 343, 761, 1168, 1552, 2000, 2329, 2648, 3216, 0]"
62713a003caa3feec5c6a0ba,1,17,bad,16009,6,26,51,"[0, 1001, 1896, 3080, 4168, 0]"
62713a003caa3feec5c6a0ba,1,18,good,17121,8,15,66,"[0, 383, 832, 1175, 1592, 1993, 2521, 0]"
62713a003caa3feec5c6a0ba,1,19,bad,10745,5,21,43,"[0, 944, 1952, 2984, 0]"
62713a003caa3feec5c6a0ba,1,20,good,21056,9,17,79,"[0, 344, 751, 1177, 1600, 2009, 2384, 2968, 0]"
62713a003caa3feec5c6a0ba,1,21,bad,10560,5,21,40,"[0, 960, 1832, 2945, 0]"
62713a003caa3feec5c6a0ba,1,22,good,13456,7,13,63,"[0, 368, 745, 1384, 1599, 2039, 0]"
62713a003caa3feec5c6a0ba,1,23,bad,6896,4,16,30,"[0, 896, 1873, 761]"
62713a003caa3feec5c6a0ba,1,24,good,17568,9,17,81,"[0, 360, 752, 808, 1135, 1560, 1783, 2225, 0]"
62713a003caa3feec5c6a0ba,1,25,bad,5841,4,16,30,"[0, 697, 1416, 0]"
62713a003caa3feec5c6a0ba,1,26,bad,10617,5,21,37,"[0, 1105, 1807, 3071, 0]"
62713a003caa3feec5c6a0ba,1,27,bad,19496,7,31,60,"[0, 928, 1808, 2320, 3336, 3841, 0]"
62713a003caa3feec5c6a0ba,1,28,bad,10256,5,21,39,"[0, 787, 1801, 2759, 0]"
62713a003caa3feec5c6a0ba,1,29,bad,9088,5,21,40,"[0, 689, 1487, 2328, 0]"
62713a003caa3feec5c6a0ba,1,30,bad,13809,6,26,50,"[0, 719, 1544, 2423, 3048, 0]"
62713a003caa3feec5c6a0ba,1,31,bad,14695,6,26,49,"[0, 744, 1528, 2503, 3153, 0]"
62713a003caa3feec5c6a0ba,1,32,bad,10447,5,21,41,"[0, 944, 1977, 2560, 0]"
62713a003caa3feec5c6a0ba,1,33,bad,27096,8,36,68,"[0, 846, 1727, 2697, 3640, 4600, 5552, 0]"
62713a003caa3feec5c6a0ba,1,34,good,26089,11,21,101,"[0, 353, 751, 1096, 1464, 1480, 1953, 2024, 2384, 2712, 137]"
62713a003caa3feec5c6a0ba,1,35,bad,7705,4,16,29,"[0, 632, 1545, 2136]"
66320c3fd918f178605a74f8,0,1,good,21530,7,13,61,"[0, 596, 913, 1672, 1914, 3840, 1683]"
66320c3fd918f178605a74f8,0,2,bad,15831,5,21,38,"[0, 1022, 2519, 3356, 3776]"
66320c3fd918f178605a74f8,0,3,bad,7442,4,16,30,"[0, 1234, 2052, 0]"
66320c3fd918f178605a74f8,0,4,good,8329,5,9,40,"[0, 344, 768, 1272, 0]"
66320c3fd918f178605a74f8,0,5,bad,7383,4,16,33,"[0, 887, 2493, 198]"
66320c3fd918f178605a74f8,0,6,bad,11857,4,16,31,"[0, 1078, 1684, 4954]"
66320c3fd918f178605a74f8,0,7,good,12040,6,11,51,"[0, 426, 736, 1210, 3390, 236]"
66320c3fd918f178605a74f8,0,8,good,14744,6,11,52,"[0, 398, 814, 1544, 1636, 4200]"
66320c3fd918f178605a74f8,0,9,bad,9268,4,16,29,"[0, 778, 1890, 4823]"
66320c3fd918f178605a74f8,0,10,bad,11679,4,16,31,"[0, 1123, 2084, 4844]"
66320c3fd918f178605a74f8,0,11,good,11242,5,9,41,"[0, 510, 732, 1110, 4154]"
66320c3fd918f178605a74f8,0,12,good,13130,5,11,53,"[390, 792, 1306, 1888, 4094]"
66320c3fd918f178605a74f8,0,13,good,14068,6,11,64,"[0, 402, 901, 1213, 1869, 3888]"
66320c3fd918f178605a74f8,0,14,bad,9968,4,16,41,"[634, 0, 2066, 4834]"
66320c3fd918f178605a74f8,0,15,bad,11044,4,16,30,"[0, 1002, 2108, 4404]"
66320c3fd918f178605a74f8,0,16,good,11256,5,9,42,"[0, 384, 780, 1188, 4128]"
66320c3fd918f178605a74f8,0,17,good,14557,6,11,61,"[0, 462, 999, 1368, 1686, 4260]"
66320c3fd918f178605a74f8,0,18,bad,9838,4,16,31,"[0, 591, 2202, 4988]"
66320c3fd918f178605a74f8,0,19,bad,11094,4,16,28,"[0, 984, 1600, 4974]"
66320c3fd918f178605a74f8,0,20,good,12468,5,9,36,"[0, 460, 800, 1370, 4943]"
66320c3fd918f178605a74f8,0,21,good,13010,5,11,46,"[178, 753, 1291, 1304, 4908]"
66320c3fd918f178605a74f8,0,22,bad,11918,4,16,31,"[0, 1078, 2292, 4924]"
66320c3fd918f178605a74f8,0,23,good,10894,6,11,50,"[594, 194, 336, 1118, 1326, 4512]"
66320c3fd918f178605a74f8,0,24,bad,9090,4,16,30,"[0, 420, 2030, 4846]"
66320c3fd918f178605a74f8,0,25,good,15834,6,11,52,"[0, 446, 856, 1416, 1658, 4982]"
66320c3fd918f178605a74f8,0,26,bad,7280,2,11,20,"[0, 6204]"
66320c3fd918f178605a74f8,0,27,good,12464,5,9,39,"[0, 694, 740, 1344, 5006]"
66320c3fd918f178605a74f8,0,28,good,12419,6,11,53,"[0, 0, 792, 1192, 1438, 4320]"
66320c3fd918f178605a74f8,0,29,bad,14024,5,21,41,"[0, 442, 2338, 3502, 4880]"
66320c3fd918f178605a74f8,0,30,good,9460,5,9,41,"[246, 140, 660, 1168, 3834]"
66320c3fd918f178605a74f8,0,31,good,11066,6,14,60,"[382, 0, 862, 1198, 3614, 0]"
66320c3fd918f178605a74f8,0,32,bad,15429,5,21,39,"[0, 883, 2058, 2808, 4838]"
66320c3fd918f178605a74f8,0,33,bad,8196,3,11,19,"[0, 1134, 4782]"
66320c3fd918f178605a74f8,0,34,good,14521,6,11,48,"[0, 342, 718, 1072, 1374, 4950]"
66320c3fd918f178605a74f8,0,35,good,11426,5,9,40,"[0, 374, 796, 1208, 4250]"
66320c3fd918f178605a74f8,0,36,bad,9276,4,16,30,"[0, 602, 2172, 4856]"
66320c3fd918f178605a74f8,0,37,good,12494,5,9,41,"[0, 462, 748, 1592, 4774]"
66320c3fd918f178605a74f8,0,38,bad,15729,5,21,37,"[0, 0, 2038, 5087, 5000]"
66320c3fd918f178605a74f8,0,39,good,15975,6,11,49,"[0, 490, 1165, 1217, 2284, 4956]"
66320c3fd918f178605a74f8,0,40,bad,11462,4,16,30,"[0, 1220, 1960, 4864]"
66320c3fd918f178605a74f8,0,41,good,11652,5,9,42,"[434, 0, 861, 1316, 4917]"
66320c3fd918f178605a74f8,0,42,good,14629,6,11,48,"[0, 414, 962, 1212, 1586, 4122]"
66320c3fd918f178605a74f8,0,43,bad,10166,3,16,29,"[1094, 1819, 4980]"
66320c3fd918f178605a74f8,0,44,bad,9824,4,16,32,"[316, 0, 2058, 4920]"
66320c3fd918f178605a74f8,0,45,good,9519,6,11,50,"[0, 394, 762, 1154, 1312, 0]"
66320c3fd918f178605a74f8,0,46,bad,15604,5,21,41,"[0, 969, 2111, 2639, 4827]"
66320c3fd918f178605a74f8,0,47,good,15231,6,11,52,"[0, 494, 848, 1158, 1634, 4931]"
66320c3fd918f178605a74f8,0,48,bad,10802,4,16,32,"[0, 938, 1440, 4414]"
66320c3fd918f178605a74f8,0,49,bad,11409,4,16,33,"[0, 1136, 1595, 4886]"
66320c3fd918f178605a74f8,0,50,bad,10450,4,16,28,"[0, 737, 1620, 4516]"
66320c3fd918f178605a74f8,0,51,good,12246,6,14,48,"[0, 282, 1132, 1248, 3424, 380]"
66320c3fd918f178605a74f8,0,52,bad,11404,4,16,30,"[0, 1221, 2192, 4284]"
66320c3fd918f178605a74f8,0,53,bad,8967,3,16,39,"[254, 1884, 4555]"
66320c3fd918f178605a74f8,0,54,bad,10464,4,16,29,"[0, 774, 1768, 3962]"
66320c3fd918f178605a74f8,0,55,bad,13750,5,21,53,"[296, 0, 2170, 2242, 4746]"
66320c3fd918f178605a74f8,0,56,good,17163,7,13,60,"[0, 242, 496, 897, 1262, 1732, 4967]"
66320c3fd918f178605a74f8,0,57,bad,8665,3,16,27,"[89, 1374, 4874]"
66320c3fd918f178605a74f8,0,58,good,15210,7,15,69,"[384, 794, 1236, 1728, 1714, 2092, 210]"
66320c3fd918f178605a74f8,0,59,good,14624,6,11,52,"[0, 442, 742, 1084, 1640, 4970]"
66320c3fd918f178605a74f8,0,60,bad,14604,6,26,53,"[439, 0, 412, 1948, 4442, 4542]"
66320c3fd918f178605a74f8,0,61,bad,13338,5,21,38,"[402, 254, 1546, 3006, 4940]"
66320c3fd918f178605a74f8,0,62,good,18209,7,15,70,"[316, 664, 958, 1204, 1594, 1720, 4545]"
66320c3fd918f178605a74f8,0,63,good,16612,7,13,59,"[422, 0, 900, 1162, 1312, 1688, 4984]"
66320c3fd918f178605a74f8,0,64,good,11337,5,9,37,"[0, 197, 608, 1106, 4649]"
66320c3fd918f178605a74f8,0,65,good,13880,6,11,51,"[0, 314, 880, 894, 1112, 4725]"
66320c3fd918f178605a74f8,0,66,bad,12833,5,21,41,"[393, 216, 1456, 2820, 4649]"
66320c3fd918f178605a74f8,0,67,bad,1463,3,11,20,"[257, 114, 100]"
66320c3fd918f178605a74f8,0,68,bad,11333,4,16,31,"[0, 962, 2060, 4859]"
66320c3fd918f178605a74f8,0,69,bad,3120,3,11,21,"[262, 0, 1808]"
66320c3fd918f178605a74f8,1,1,good,15540,6,14,51,"[0, 340, 780, 1240, 3844, 3240]"
66320c3fd918f178605a74f8,1,2,bad,27418,5,21,50,"[0, 1296, 4718, 5035, 9704]"
66320c3fd918f178605a74f8,1,3,good,25290,8,18,71,"[0, 591, 994, 1420, 1900, 2632, 6836, 1860]"
66320c3fd918f178605a74f8,1,4,bad,17711,4,16,29,"[0, 1133, 3528, 9178]"
66320c3fd918f178605a74f8,1,5,bad,20684,5,21,40,"[0, 854, 2070, 3378, 8799]"
66320c3fd918f178605a74f8,1,6,good,27560,9,17,77,"[0, 348, 692, 1058, 1217, 1234, 1430, 2401, 9893]"
66320c3fd918f178605a74f8,1,7,good,23647,7,15,69,"[426, 694, 913, 1408, 1876, 2005, 8925]"
66320c3fd918f178605a74f8,1,8,good,23726,7,13,61,"[0, 490, 683, 1298, 1726, 1966, 9802]"
66320c3fd918f178605a74f8,1,9,bad,18713,5,21,40,"[0, 1214, 1846, 3160, 7850]"
66320c3fd918f178605a74f8,1,10,bad,28108,6,26,50,"[0, 1200, 3476, 2840, 4330, 9903]"
66320c3fd918f178605a74f8,1,11,bad,19455,5,21,36,"[0, 902, 1765, 2200, 9888]"
66320c3fd918f178605a74f8,1,12,good,17874,6,16,56,"[194, 928, 744, 1516, 8098, 508]"
66320c3fd918f178605a74f8,1,13,bad,18862,5,21,39,"[0, 2890, 1660, 8291, 486]"
66320c3fd918f178605a74f8,1,14,bad,10485,5,21,38,"[0, 1194, 1545, 3079, 0]"
66320c3fd918f178605a74f8,1,15,bad,17660,4,16,32,"[0, 1202, 2640, 9796]"
66320c3fd918f178605a74f8,1,16,good,27555,8,15,70,"[0, 442, 684, 976, 1631, 2061, 2277, 11241]"
66320c3fd918f178605a74f8,1,17,bad,17740,4,16,31,"[0, 1098, 3086, 9412]"
66320c3fd918f178605a74f8,1,18,good,19037,7,13,60,"[0, 480, 528, 1540, 1748, 2762, 7332]"
66320c3fd918f178605a74f8,1,19,good,22977,6,11,53,"[0, 548, 1106, 1135, 3372, 10000]"
66320c3fd918f178605a74f8,1,20,bad,16563,4,16,27,"[0, 1426, 2764, 8576]"
66320c3fd918f178605a74f8,1,21,good,26883,7,13,58,"[0, 674, 1263, 1588, 1662, 3408, 9883]"
66320c3fd918f178605a74f8,1,22,good,17833,6,11,52,"[0, 442, 966, 1428, 7240, 1344]"
66320c3fd918f178605a74f8,1,23,good,17808,5,12,37,"[0, 658, 2774, 5700, 2474]"
66320c3fd918f178605a74f8,1,24,bad,9031,4,16,31,"[0, 1510, 3030, 0]"
66320c3fd918f178605a74f8,1,25,good,12344,6,11,49,"[0, 449, 853, 1446, 2381, 0]"
66320c3fd918f178605a74f8,1,26,good,31628,7,13,65,"[0, 580, 1020, 1536, 2448, 7267, 9887]"
66320c3fd918f178605a74f8,1,27,good,29551,7,13,62,"[0, 9109, 990, 1212, 1882, 6094, 2677]"
66320c3fd918f178605a74f8,1,28,good,69935,8,15,71,"[0, 957, 808, 1395, 1716, 39749, 2256, 9822]"
66320c3fd918f178605a74f8,1,29,good,27084,8,15,71,"[207, 0, 1020, 1292, 1786, 2480, 3138, 9755]"
66320c3fd918f178605a74f8,1,30,bad,20735,5,21,40,"[0, 0, 2948, 3644, 9986]"
66320c3fd918f178605a74f8,1,31,bad,27794,6,26,50,"[0, 1236, 8317, 3044, 8355, 0]"
66320c3fd918f178605a74f8,1,32,bad,31443,5,21,41,"[0, 1423, 11916, 3112, 9959]"
66320c3fd918f178605a74f8,1,33,bad,36696,5,21,36,"[0, 1174, 17060, 3344, 9858]"
66320c3fd918f178605a74f8,1,34,good,21998,5,11,48,"[286, 1185, 1626, 2278, 9641]"
66320c3fd918f178605a74f8,1,35,good,33073,8,15,70,"[0, 349, 692, 1488, 972, 1238, 2022, 9958]"
66320c3fd918f178605a74f8,1,36,bad,7992,4,16,29,"[172, 0, 2522, 2856]"
6644a0c8ee3996be6fc1fc1a,0,1,good,87798,18,35,172,"[0, 337, 687, 1000, 1368, 1910, 2204, 2371, 4299, 3583, 4009, 3531, 3871, 6836, 7292, 11083, 8394, 4813]"
6644a0c8ee3996be6fc1fc1a,0,2,good,223802,30,59,297,"[0, 383, 683, 1030, 3540, 1998, 3057, 2835, 3080, 3392, 5468, 4301, 4993, 9894, 5885, 5367, 5814, 6753, 8188, 6558, 9552, 11822, 14986, 10996, 11473, 10669, 10954, 12259, 11150, 0]"
6644a0c8ee3996be6fc1fc1a,0,3,good,113712,23,45,219,"[0, 401, 627, 921, 1317, 1778, 2277, 2800, 2816, 3283, 3793, 4247, 5124, 4949, 5142, 5502, 5887, 6445, 6721, 7183, 7873, 7880, 0]"
6644a0c8ee3996be6fc1fc1a,0,4,bad,74109,13,61,123,"[0, 985, 1833, 2780, 3787, 4815, 5799, 6712, 7517, 8434, 8058, 9264, 0]"
6644a0c8ee3996be6fc1fc1a,0,5,good,83506,20,39,194,"[0, 373, 713, 1119, 1486, 1867, 2235, 2587, 3203, 3462, 4445, 3557, 3927, 4353, 4894, 4970, 5669, 6559, 5682, 0]"
6644a0c8ee3996be6fc1fc1a,0,6,bad,99811,15,71,145,"[0, 855, 1766, 2703, 3303, 4046, 5076, 6234, 7061, 7932, 9582, 11724, 11188, 12013, 0]"
6644a0c8ee3996be6fc1fc1a,0,7,good,74147,19,37,183,"[0, 348, 643, 938, 1277, 1902, 1978, 2286, 2754, 3085, 3577, 4193, 4447, 4799, 4701, 4948, 5658, 5471, 0]"
6644a0c8ee3996be6fc1fc1a,0,8,bad,58566,12,56,108,"[0, 895, 1713, 2852, 3487, 3997, 5062, 5595, 6459, 7646, 7800, 0]"
6644a0c8ee3996be6fc1fc1a,0,9,good,44173,14,27,125,"[0, 381, 713, 1105, 1449, 1814, 2121, 2520, 2923, 3236, 3743, 3977, 4328, 746]"
6644a0c8ee3996be6fc1fc1a,1,1,bad,51712,11,51,99,"[0, 910, 1751, 2693, 3740, 4522, 5352, 6905, 6778, 7362, 0]"
6644a0c8ee3996be6fc1fc1a,1,2,good,111845,23,45,215,"[0, 412, 748, 1076, 1380, 1632, 2215, 2459, 3069, 3205, 3660, 3987, 4481, 4693, 5134, 5374, 5752, 6622, 7034, 7285, 7622, 8065, 0]"
6644a0c8ee3996be6fc1fc1a,1,3,bad,82884,13,61,117,"[0, 863, 1519, 2526, 3509, 3964, 5284, 6067, 7015, 9379, 10524, 11096, 6454]"
6644a0c8ee3996be6fc1fc1a,1,4,good,191725,28,55,264,"[0, 380, 936, 1306, 1589, 2281, 2701, 2838, 3341, 4725, 5790, 4616, 6541, 5495, 6546, 7170, 7575, 8075, 7852, 9076, 7845, 8091, 9037, 8938, 8986, 9601, 10018, 6956]"
6644a0c8ee3996be6fc1fc1a,1,5,bad,86350,13,61,124,"[0, 932, 1832, 2779, 3746, 4663, 5814, 6536, 7818, 9163, 9476, 11313, 8144]"
6644a0c8ee3996be6fc1fc1a,1,6,good,111716,23,45,219,"[0, 368, 724, 1088, 1552, 2036, 2516, 2807, 2988, 3330, 3787, 3505, 4154, 4490, 4998, 5658, 5611, 6252, 6556, 7331, 7243, 8276, 0]"
6644a0c8ee3996be6fc1fc1a,1,7,good,118948,23,45,223,"[0, 340, 682, 1009, 1465, 1864, 2232, 2613, 2936, 3548, 3890, 4207, 4930, 4997, 5841, 6045, 7114, 6668, 7242, 7960, 8756, 8373, 0]"
6644a0c8ee3996be6fc1fc1a,1,8,bad,91029,14,66,132,"[0, 993, 1934, 3197, 3784, 4826, 6863, 6801, 7514, 8243, 9447, 10231, 11493, 479]"
5e4e844553bc702cdf68404d,0,1,bad,115147,14,66,124,"[0, 1065, 2470, 3171, 4567, 6398, 6477, 9826, 10173, 11724, 12496, 12546, 15954, 1518]"
5e4e844553bc702cdf68404d,0,2,good,195748,26,51,249,"[0, 418, 861, 1443, 3008, 2895, 4158, 8148, 4091, 5209, 5129, 5094, 5306, 8266, 7002, 8006, 8524, 8533, 9023, 9658, 10002, 10578, 10572, 11378, 12658, 2863]"
5e4e844553bc702cdf68404d,0,3,bad,87320,12,56,108,"[0, 1274, 2415, 4076, 5118, 6506, 7954, 9246, 10444, 12250, 12839, 0]"
5e4e844553bc702cdf68404d,0,4,good,126914,21,41,201,"[0, 504, 943, 1471, 2034, 2514, 3085, 3701, 4095, 5065, 4922, 5490, 6240, 6621, 6907, 7832, 8229, 9060, 9879, 10173, 1959]"
5e4e844553bc702cdf68404d,0,5,good,134751,22,43,207,"[0, 486, 938, 1473, 2000, 2980, 3749, 4693, 4439, 4534, 4836, 6096, 7127, 6033, 6100, 7058, 7783, 8581, 9171, 9557, 9745, 0]"
5e4e844553bc702cdf68404d,0,6,bad,210278,17,81,165,"[0, 1693, 2799, 4658, 5748, 6926, 9220, 9021, 11246, 15580, 15179, 15705, 15149, 16275, 19069, 20640, 21394]"
5e4e844553bc702cdf68404d,1,1,bad,279351,21,101,204,"[0, 1261, 2439, 4599, 7220, 8411, 9015, 11770, 10700, 12468, 14199, 14970, 16083, 17302, 18083, 18087, 19612, 20362, 21357, 24263, 1481]"
5e4e844553bc702cdf68404d,1,2,bad,197127,18,86,171,"[0, 1319, 2897, 4071, 4945, 6089, 7303, 8717, 9777, 11061, 12702, 16441, 14780, 18659, 18746, 18479, 19394, 0]"
5e4e844553bc702cdf68404d,1,3,good,119633,21,41,200,"[0, 482, 989, 1458, 1912, 2345, 2798, 3374, 4471, 4483, 4918, 5275, 6017, 6259, 6719, 7322, 8088, 8731, 8609, 9439, 0]"
5e4e844553bc702cdf68404d,1,4,good,80359,16,31,148,"[0, 503, 1709, 1637, 2181, 2418, 2955, 6788, 5205, 5090, 5089, 7291, 6153, 6597, 6939, 0]"
5e4e844553bc702cdf68404d,1,5,good,172552,24,47,225,"[0, 455, 932, 1328, 1875, 2294, 2812, 3410, 3880, 4382, 5168, 4917, 6012, 7103, 8600, 8479, 8067, 9802, 9372, 9787, 10508, 11285, 11527, 11460]"
A80BB52EAF9C4B309F6DCA5F17D27C4F,0,1,good,15940,7,13,58,"[0, 1702, 719, 1080, 1471, 1966, 0]"
A80BB52EAF9C4B309F6DCA5F17D27C4F,0,2,bad,7115,4,16,31,"[0, 1137, 1873, 0]"
A80BB52EAF9C4B309F6DCA5F17D27C4F,0,3,good,13457,6,11,47,"[0, 625, 998, 1160, 1542, 2202]"
A80BB52EAF9C4B309F6DCA5F17D27C4F,0,4,bad,7162,4,16,29,"[0, 987, 1817, 0]"
A80BB52EAF9C4B309F6DCA5F17D27C4F,0,5,good,13965,7,13,61,"[0, 390, 767, 1138, 1468, 1531, 0]"
A80BB52EAF9C4B309F6DCA5F17D27C4F,0,6,bad,4452,3,11,19,"[0, 1373, 0]"
A80BB52EAF9C4B309F6DCA5F17D27C4F,0,7,good,13862,6,11,51,"[0, 309, 689, 922, 1075, 3751]"
A80BB52EAF9C4B309F6DCA5F17D27C4F,0,8,good,26953,7,13,62,"[0, 325, 1527, 3483, 1374, 3746, 4959]"
A80BB52EAF9C4B309F6DCA5F17D27C4F,0,9,bad,10267,5,21,39,"[0, 843, 1542, 2779, 0]"
A80BB52EAF9C4B309F6DCA5F17D27C4F,0,10,bad,14267,5,21,39,"[0, 828, 2026, 2686, 0]"
A80BB52EAF9C4B309F6DCA5F17D27C4F,0,11,bad,12533,5,21,41,"[0, 1231, 2331, 2823, 0]"
A80BB52EAF9C4B309F6DCA5F17D27C4F,0,12,bad,7298,4,16,29,"[0, 951, 1756, 0]"
A80BB52EAF9C4B309F6DCA5F17D27C4F,0,13,bad,24229,6,26,49,"[0, 859, 2038, 2780, 3474, 4393]"
A80BB52EAF9C4B309F6DCA5F17D27C4F,0,14,bad,7353,4,16,27,"[0, 952, 1976, 0]"
A80BB52EAF9C4B309F6DCA5F17D27C4F,0,15,good,1894,2,3,10,"[0, 374]"
A80BB52EAF9C4B309F6DCA5F17D27C4F,0,16,good,11585,6,11,48,"[0, 451, 752, 1081, 1320, 0]"
A80BB52EAF9C4B309F6DCA5F17D27C4F,0,17,bad,10416,5,21,40,"[0, 832, 1565, 2489, 0]"
A80BB52EAF9C4B309F6DCA5F17D27C4F,0,18,bad,10916,5,21,42,"[0, 798, 1561, 2154, 0]"
A80BB52EAF9C4B309F6DCA5F17D27C4F,0,19,good,14975,7,13,61,"[0, 467, 702, 1095, 1387, 1577, 0]"
A80BB52EAF9C4B309F6DCA5F17D27C4F,0,20,good,14905,7,13,60,"[0, 327, 767, 1098, 1391, 1666, 0]"
A80BB52EAF9C4B309F6DCA5F17D27C4F,0,21,good,13620,7,13,58,"[0, 373, 639, 894, 1464, 1724, 0]"
A80BB52EAF9C4B309F6DCA5F17D27C4F,0,22,bad,10908,5,21,41,"[0, 872, 1689, 2069, 0]"
A80BB52EAF9C4B309F6DCA5F17D27C4F,0,23,good,15208,7,13,62,"[0, 361, 674, 1036, 1437, 1603, 0]"
A80BB52EAF9C4B309F6DCA5F17D27C4F,0,24,bad,14213,5,21,37,"[0, 854, 1831, 2600, 3009]"
A80BB52EAF9C4B309F6DCA5F17D27C4F,0,25,good,17548,8,15,70,"[0, 325, 655, 1043, 1442, 1623, 1672, 0]"
A80BB52EAF9C4B309F6DCA5F17D27C4F,0,26,bad,16970,6,26,50,"[0, 917, 1731, 3112, 3273, 0]"
A80BB52EAF9C4B309F6DCA5F17D27C4F,0,27,good,17982,8,15,70,"[0, 391, 670, 1023, 1457, 1716, 2205, 0]"
A80BB52EAF9C4B309F6DCA5F17D27C4F,0,28,bad,28556,7,31,63,"[0, 874, 1823, 2621, 3921, 5616, 0]"
A80BB52EAF9C4B309F6DCA5F17D27C4F,0,29,bad,7852,4,16,32,"[0, 1094, 1892, 0]"
A80BB52EAF9C4B309F6DCA5F17D27C4F,0,30,good,14976,7,13,57,"[0, 532, 749, 1183, 1418, 1856, 419]"
A80BB52EAF9C4B309F6DCA5F17D27C4F,0,31,good,17421,8,15,67,"[0, 668, 735, 1163, 1502, 1181, 2261, 0]"
A80BB52EAF9C4B309F6DCA5F17D27C4F,0,32,good,16115,7,13,61,"[0, 643, 752, 1075, 1484, 1846, 0]"
A80BB52EAF9C4B309F6DCA5F17D27C4F,0,33,bad,4082,3,11,21,"[0, 1140, 0]"
A80BB52EAF9C4B309F6DCA5F17D27C4F,0,34,good,14835,7,13,60,"[0, 374, 750, 1111, 1467, 1844, 0]"
A80BB52EAF9C4B309F6DCA5F17D27C4F,0,35,bad,11500,5,21,38,"[0, 829, 1734, 2840, 0]"
A80BB52EAF9C4B309F6DCA5F17D27C4F,0,36,good,15096,7,13,58,"[0, 391, 748, 1015, 1442, 2012, 0]"
A80BB52EAF9C4B309F6DCA5F17D27C4F,0,37,good,14619,7,13,57,"[0, 374, 703, 1118, 1514, 1996, 0]"
A80BB52EAF9C4B309F6DCA5F17D27C4F,0,38,bad,7228,3,11,20,"[0, 983, 2961]"
A80BB52EAF9C4B309F6DCA5F17D27C4F,0,39,bad,7344,4,16,29,"[0, 904, 1906, 0]"
A80BB52EAF9C4B309F6DCA5F17D27C4F,0,40,good,14640,7,13,62,"[0, 373, 808, 1187, 1593, 2080, 0]"
A80BB52EAF9C4B309F6DCA5F17D27C4F,0,41,bad,5279,3,11,20,"[0, 952, 0]"
A80BB52EAF9C4B309F6DCA5F17D27C4F,0,42,good,12122,6,11,50,"[0, 372, 753, 1106, 1520, 0]"
A80BB52EAF9C4B309F6DCA5F17D27C4F,0,43,bad,11061,5,21,41,"[0, 858, 1872, 2612, 0]"
A80BB52EAF9C4B309F6DCA5F17D27C4F,0,44,bad,7242,4,16,31,"[0, 937, 1919, 0]"
A80BB52EAF9C4B309F6DCA5F17D27C4F,0,45,good,14387,7,13,63,"[0, 455, 784, 1156, 1684, 1652, 0]"
A80BB52EAF9C4B309F6DCA5F17D27C4F,0,46,good,21164,7,13,62,"[0, 439, 869, 1436, 1918, 1825, 4395]"
A80BB52EAF9C4B309F6DCA5F17D27C4F,0,47,bad,7756,4,16,31,"[0, 1001, 1917, 0]"
A80BB52EAF9C4B309F6DCA5F17D27C4F,0,48,bad,11433,4,16,31,"[0, 1001, 2006, 3902]"
A80BB52EAF9C4B309F6DCA5F17D27C4F,0,49,good,15176,7,13,60,"[0, 361, 705, 1204, 1615, 1976, 0]"
A80BB52EAF9C4B309F6DCA5F17D27C4F,0,50,bad,10535,4,16,29,"[0, 1044, 2138, 3078]"
A80BB52EAF9C4B309F6DCA5F17D27C4F,1,1,bad,14875,4,16,29,"[0, 1011, 1983, 7422]"
A80BB52EAF9C4B309F6DCA5F17D27C4F,1,2,good,39037,13,25,117,"[0, 375, 754, 1131, 1533, 1826, 2471, 2215, 2158, 2529, 2765, 3476, 0]"
A80BB52EAF9C4B309F6DCA5F17D27C4F,1,3,bad,22517,7,31,59,"[0, 1059, 1919, 3023, 3671, 3375, 0]"
A80BB52EAF9C4B309F6DCA5F17D27C4F,1,4,good,18579,8,15,72,"[0, 389, 785, 1121, 1563, 2000, 2034, 0]"
A80BB52EAF9C4B309F6DCA5F17D27C4F,1,5,bad,54584,10,46,89,"[0, 998, 1989, 2880, 3366, 3696, 4805, 5624, 5673, 8362]"
A80BB52EAF9C4B309F6DCA5F17D27C4F,1,6,good,43189,13,25,117,"[0, 360, 729, 1203, 1635, 1735, 1727, 2248, 2543, 3268, 3114, 2589, 5172]"
A80BB52EAF9C4B309F6DCA5F17D27C4F,1,7,bad,23049,7,31,60,"[0, 1377, 1409, 3869, 3062, 3743, 0]"
A80BB52EAF9C4B309F6DCA5F17D27C4F,1,8,bad,49046,10,46,86,"[0, 844, 2112, 2498, 4803, 4595, 3999, 4436, 5450, 0]"
A80BB52EAF9C4B309F6DCA5F17D27C4F,1,9,good,30648,11,21,102,"[0, 361, 720, 1048, 1453, 1326, 1486, 2084, 2566, 2816, 0]"
A80BB52EAF9C4B309F6DCA5F17D27C4F,1,10,good,63041,18,35,173,"[0, 313, 796, 1064, 947, 1655, 2024, 1920, 1940, 2154, 2748, 3627, 3293, 3095, 4179, 3866, 5074, 0]"
A80BB52EAF9C4B309F6DCA5F17D27C4F,1,11,good,43661,13,25,120,"[0, 267, 628, 950, 1702, 1474, 1629, 1950, 1908, 3552, 3174, 3138, 3623]"
A80BB52EAF9C4B309F6DCA5F17D27C4F,1,12,good,35087,11,21,100,"[0, 283, 626, 984, 1048, 1421, 2287, 2363, 3181, 3671, 4925]"
A80BB52EAF9C4B309F6DCA5F17D27C4F,1,13,good,39613,13,25,121,"[0, 345, 765, 1327, 1988, 1544, 1751, 2399, 3367, 2947, 2980, 2741, 0]"
A80BB52EAF9C4B309F6DCA5F17D27C4F,1,14,good,22600,10,19,91,"[0, 314, 517, 890, 1331, 1513, 1905, 2106, 2272, 0]"
A80BB52EAF9C4B309F6DCA5F17D27C4F,1,15,bad,37504,8,36,66,"[0, 764, 1845, 2219, 2999, 4426, 5266, 9452]"
A80BB52EAF9C4B309F6DCA5F17D27C4F,1,16,bad,34151,8,36,68,"[0, 876, 2269, 2061, 3273, 4704, 4782, 6089]"
A80BB52EAF9C4B309F6DCA5F17D27C4F,1,17,bad,30765,7,31,56,"[0, 906, 1813, 2900, 3177, 4366, 7167]"
A80BB52EAF9C4B309F6DCA5F17D27C4F,1,18,good,29826,11,21,102,"[0, 314, 706, 1091, 1417, 1712, 1867, 2487, 3001, 2277, 0]"
A80BB52EAF9C4B309F6DCA5F17D27C4F,1,19,good,42452,12,23,105,"[0, 297, 525, 1061, 1171, 2016, 1451, 2006, 2581, 2302, 2346, 9967]"
A80BB52EAF9C4B309F6DCA5F17D27C4F,1,20,good,30275,11,21,101,"[0, 334, 519, 781, 1406, 1672, 1537, 2137, 2849, 3387, 0]"
A80BB52EAF9C4B309F6DCA5F17D27C4F,1,21,bad,25828,8,36,72,"[0, 1379, 1487, 1607, 3338, 3623, 4123, 632]"
665e50249febb72040d9a8aa,0,1,good,125359,23,45,216,"[0, 328, 648, 1232, 1336, 1496, 2032, 2560, 2145, 2920, 3425, 3993, 4521, 6384, 5279, 6825, 7081, 7936, 8136, 9256, 9424, 10128, 0]"
665e50249febb72040d9a8aa,0,2,good,105945,18,35,169,"[0, 416, 792, 1376, 2092, 2848, 3105, 4289, 5736, 5152, 6376, 6393, 7241, 8133, 8712, 9064, 8728, 1808]"
665e50249febb72040d9a8aa,0,3,good,52576,14,27,130,"[0, 408, 823, 1344, 1753, 2248, 2616, 3088, 3056, 3528, 4352, 5247, 6000, 0]"
665e50249febb72040d9a8aa,0,4,bad,79791,11,51,97,"[0, 1096, 2576, 3584, 5384, 9279, 8272, 10840, 12600, 12056, 768]"
665e50249febb72040d9a8aa,0,5,bad,41304,8,36,72,"[0, 1088, 2328, 3200, 5112, 7664, 8744, 3176]"
665e50249febb72040d9a8aa,0,6,bad,32128,8,36,67,"[0, 1080, 2680, 3488, 4104, 5048, 6064, 0]"
665e50249febb72040d9a8aa,0,7,good,92351,19,37,184,"[0, 376, 760, 1216, 1640, 2064, 2368, 2856, 3376, 3888, 4224, 5008, 5792, 6032, 6656, 6984, 7296, 7847, 0]"
665e50249febb72040d9a8aa,0,8,good,88167,18,35,167,"[0, 455, 848, 1343, 1736, 2224, 2857, 3352, 3615, 4008, 4784, 5241, 5759, 6256, 6783, 7328, 7632, 0]"
665e50249febb72040d9a8aa,0,9,bad,65080,11,51,97,"[0, 1096, 2240, 3505, 4528, 5840, 7304, 8304, 9215, 10048, 768]"
665e50249febb72040d9a8aa,0,10,good,84561,18,35,169,"[0, 536, 824, 1121, 1584, 2000, 2776, 3304, 3960, 4224, 4776, 4968, 4888, 5456, 5768, 6329, 6848, 4248]"
665e50249febb72040d9a8aa,0,11,good,51266,14,27,128,"[0, 400, 792, 1232, 1648, 2288, 2793, 3440, 3752, 4432, 4520, 4090, 4800, 0]"
665e50249febb72040d9a8aa,0,12,bad,21600,6,26,49,"[0, 976, 2176, 3272, 4192, 4816]"
665e50249febb72040d9a8aa,1,1,bad,105887,13,61,120,"[0, 1104, 2952, 3640, 5024, 6832, 7808, 9552, 10647, 11688, 13056, 13104, 4528]"
665e50249febb72040d9a8aa,1,2,good,58154,14,27,131,"[0, 504, 960, 1610, 2280, 2584, 3424, 3880, 4016, 5000, 5304, 5464, 6280, 0]"
665e50249febb72040d9a8aa,1,3,bad,59438,10,46,89,"[0, 1128, 2576, 4048, 5376, 6728, 8472, 9864, 9918, 0]"
665e50249febb72040d9a8aa,1,4,bad,72752,11,51,101,"[0, 1432, 2992, 3776, 5176, 6696, 7632, 10152, 10152, 11760, 0]"
665e50249febb72040d9a8aa,1,5,good,88704,18,35,173,"[0, 456, 1064, 1296, 1600, 2384, 2704, 3311, 4016, 4968, 4872, 4952, 5936, 6448, 6992, 7872, 7954, 0]"
665e50249febb72040d9a8aa,1,6,good,35728,11,21,101,"[0, 456, 1064, 1704, 2057, 2808, 3168, 3880, 3967, 4184, 0]"
665e50249febb72040d9a8aa,1,7,good,17024,8,15,70,"[0, 512, 776, 1232, 1689, 1992, 2441, 0]"
665e50249febb72040d9a8aa,1,8,good,23032,9,17,81,"[0, 449, 808, 1297, 1912, 2351, 2776, 2977, 0]"
665e50249febb72040d9a8aa,1,9,bad,23888,7,31,62,"[0, 1000, 2160, 3335, 4447, 5729, 0]"
665e50249febb72040d9a8aa,1,10,good,53830,14,27,126,"[0, 424, 801, 1225, 1633, 2121, 2608, 3208, 3655, 4161, 4792, 6088, 5439, 0]"
665e50249febb72040d9a8aa,1,11,bad,34450,8,36,69,"[0, 1153, 2239, 3511, 4738, 5760, 6616, 1824]"
665e50249febb72040d9a8aa,1,12,good,39389,12,23,113,"[0, 416, 856, 1376, 1840, 2096, 2936, 3320, 3768, 4397, 4264, 0]"
665e50249febb72040d9a8aa,1,13,good,14176,7,13,58,"[0, 440, 904, 1384, 1888, 2112, 0]"
665e50249febb72040d9a8aa,1,14,bad,16729,6,26,51,"[0, 1016, 2144, 3192, 4074, 0]"
665e50249febb72040d9a8aa,1,15,bad,17632,6,26,52,"[0, 1097, 2424, 3568, 4176, 0]"
665e50249febb72040d9a8aa,1,16,bad,15888,5,21,42,"[0, 968, 2159, 3128, 4704]"
665e50249febb72040d9a8aa,1,17,bad,23976,7,31,61,"[0, 1168, 2376, 3281, 4656, 5311, 0]"
665e50249febb72040d9a8aa,1,18,bad,22376,6,26,50,"[0, 1000, 1905, 2904, 4152, 5432]"
6691399dd79826a6608cfb46,0,1,bad,49509,12,56,111,"[0, 1382, 990, 1559, 2307, 3903, 3036, 3903, 4353, 5689, 6796, 0]"
6691399dd79826a6608cfb46,0,2,good,46000,16,31,152,"[0, 198, 408, 715, 832, 1021, 1498, 1636, 1795, 1983, 2965, 3239, 3514, 4083, 3971, 0]"
6691399dd79826a6608cfb46,0,3,bad,37905,10,46,90,"[0, 706, 1460, 2134, 2432, 3241, 4280, 3541, 6020, 0]"
6691399dd79826a6608cfb46,0,4,good,48277,16,31,147,"[0, 286, 656, 864, 1285, 1481, 2089, 2271, 2646, 2741, 2001, 3050, 2981, 3704, 3407, 0]"
6691399dd79826a6608cfb46,0,5,bad,27946,9,41,78,"[0, 800, 1626, 1582, 2578, 3238, 3970, 4341, 0]"
6691399dd79826a6608cfb46,0,6,bad,36537,10,46,90,"[0, 939, 1123, 1617, 2771, 3712, 4997, 4773, 4947, 0]"
6691399dd79826a6608cfb46,0,7,bad,35914,10,46,85,"[0, 514, 1040, 1645, 2866, 3803, 4156, 3820, 5881, 0]"
6691399dd79826a6608cfb46,0,8,bad,32990,10,46,93,"[0, 651, 1195, 1631, 2151, 3414, 4234, 4151, 4389, 0]"
6691399dd79826a6608cfb46,0,9,good,45360,16,31,149,"[0, 217, 444, 624, 846, 1056, 1395, 2388, 2209, 2629, 2513, 2639, 2753, 3148, 3787, 0]"
6691399dd79826a6608cfb46,0,10,good,41532,15,29,141,"[0, 264, 516, 894, 933, 1532, 1660, 1602, 2222, 3167, 2608, 2632, 3010, 3480, 0]"
6691399dd79826a6608cfb46,0,11,good,51882,16,31,151,"[0, 261, 711, 745, 1017, 1493, 1889, 2470, 2501, 3149, 2510, 2734, 3902, 3229, 4825, 1194]"
6691399dd79826a6608cfb46,0,12,good,40027,14,27,137,"[0, 302, 620, 1096, 1267, 1599, 2297, 2250, 2351, 2929, 3491, 2938, 2627, 228]"
6691399dd79826a6608cfb46,0,13,bad,38270,10,46,88,"[0, 726, 1672, 2137, 3442, 4901, 5076, 5142, 4115, 0]"
6691399dd79826a6608cfb46,0,14,bad,44823,11,51,103,"[0, 713, 1490, 2493, 3359, 4436, 4304, 3998, 4757, 5705, 0]"
6691399dd79826a6608cfb46,0,15,good,45309,16,31,149,"[0, 313, 988, 942, 1263, 1991, 1583, 1992, 1778, 2395, 2350, 2766, 2602, 2900, 3284, 0]"
6691399dd79826a6608cfb46,0,16,good,46379,14,27,128,"[0, 258, 867, 1022, 1389, 1923, 2021, 2301, 2967, 1907, 2554, 3138, 3728, 4378]"
6691399dd79826a6608cfb46,0,17,bad,33073,9,41,79,"[0, 922, 1834, 2461, 3623, 3200, 3480, 5520, 0]"
6691399dd79826a6608cfb46,0,18,good,31336,11,21,101,"[0, 275, 1620, 1080, 1261, 1773, 2126, 2456, 3312, 3458, 0]"
6691399dd79826a6608cfb46,0,19,good,23351,11,21,102,"[0, 276, 491, 820, 979, 1244, 1375, 1306, 2323, 1947, 0]"
6691399dd79826a6608cfb46,0,20,good,24960,11,21,103,"[0, 405, 628, 835, 796, 993, 1502, 2116, 1602, 1717, 1905]"
6691399dd79826a6608cfb46,1,1,bad,25453,8,36,75,"[0, 741, 1203, 1849, 3248, 4854, 4015, 0]"
6691399dd79826a6608cfb46,1,2,good,38255,14,27,129,"[0, 563, 757, 870, 1331, 1542, 2349, 1368, 1942, 2344, 2275, 2854, 3845, 0]"
6691399dd79826a6608cfb46,1,3,good,30978,12,23,114,"[0, 374, 610, 832, 1279, 1575, 1587, 2374, 2330, 2697, 3313, 144]"
6691399dd79826a6608cfb46,1,4,bad,36767,9,41,80,"[0, 984, 1746, 2689, 3600, 4391, 6215, 4311, 0]"
6691399dd79826a6608cfb46,1,5,bad,29633,8,36,73,"[0, 963, 1626, 2757, 3640, 5008, 4998, 0]"
6691399dd79826a6608cfb46,1,6,good,36977,13,25,120,"[0, 366, 936, 1072, 1460, 2403, 1441, 2058, 1668, 1721, 3908, 4359, 0]"
6691399dd79826a6608cfb46,1,7,bad,32076,9,41,81,"[0, 794, 1561, 2493, 3513, 5004, 3036, 3776, 0]"
6691399dd79826a6608cfb46,1,8,bad,29271,9,41,81,"[0, 720, 1549, 2409, 1969, 4018, 3216, 4538, 0]"
6691399dd79826a6608cfb46,1,9,bad,25472,9,41,77,"[0, 740, 1512, 1680, 2146, 2415, 2822, 3339, 0]"
6691399dd79826a6608cfb46,1,10,good,41281,15,29,139,"[0, 399, 431, 773, 1448, 1039, 1122, 1377, 1727, 1792, 2322, 3455, 2567, 3008, 0]"
6691399dd79826a6608cfb46,1,11,good,40979,14,27,132,"[0, 311, 694, 1048, 755, 1316, 1265, 1488, 2169, 3316, 3429, 2167, 3839, 0]"
6691399dd79826a6608cfb46,1,12,good,51738,17,33,160,"[0, 324, 886, 946, 1538, 1241, 1191, 1471, 1683, 1928, 2490, 3191, 4426, 2750, 3259, 4591, 0]"
6691399dd79826a6608cfb46,1,13,bad,35455,10,46,90,"[0, 782, 1475, 1910, 1933, 2496, 3633, 3886, 6155, 0]"
6691399dd79826a6608cfb46,1,14,bad,32777,9,41,78,"[0, 810, 1399, 1589, 2664, 3019, 4295, 4909, 0]"
6691399dd79826a6608cfb46,1,15,bad,45942,11,51,99,"[0, 838, 2025, 2472, 2409, 2595, 4982, 6440, 3811, 5830, 0]"
6691399dd79826a6608cfb46,1,16,good,55357,17,33,158,"[0, 413, 689, 1037, 1234, 1695, 1919, 2258, 2687, 2033, 2275, 3831, 3591, 3207, 3691, 4371, 0]"
6691399dd79826a6608cfb46,1,17,good,55788,18,35,172,"[0, 312, 715, 1139, 1184, 969, 1364, 2013, 1914, 2568, 2959, 2999, 3611, 3261, 2805, 2783, 3207, 0]"
6691399dd79826a6608cfb46,1,18,good,43401,16,31,153,"[0, 339, 590, 1001, 1066, 1780, 1645, 2366, 2153, 1879, 2403, 2188, 2489, 3209, 2965, 0]"
6691399dd79826a6608cfb46,1,19,good,15957,9,17,81,"[0, 171, 414, 594, 794, 918, 1277, 1331, 1552]"
652e11907e5db7a9f62d7258,0,1,good,162356,29,57,276,"[0, 1296, 1159, 1217, 1424, 1440, 2064, 2416, 2192, 2584, 3305, 3463, 3337, 4176, 4433, 5225, 5713, 4970, 4785, 5743, 7409, 6682, 6320, 5889, 6537, 7177, 8841, 7193, 0]"
652e11907e5db7a9f62d7258,0,2,good,55383,16,31,144,"[0, 969, 928, 1184, 1544, 1872, 2216, 2535, 2856, 2472, 2321, 3001, 3729, 4056, 3912, 0]"
652e11907e5db7a9f62d7258,0,3,bad,37341,9,41,79,"[0, 847, 1633, 2817, 3969, 4288, 5408, 6688, 0]"
652e11907e5db7a9f62d7258,0,4,good,62263,17,33,157,"[0, 336, 672, 1081, 1528, 1608, 1984, 2104, 3105, 2704, 3088, 3712, 3760, 4193, 4873, 4800, 0]"
652e11907e5db7a9f62d7258,0,5,bad,41565,10,46,89,"[0, 808, 1576, 2384, 3177, 3817, 4656, 5833, 6673, 0]"
652e11907e5db7a9f62d7258,0,6,good,41981,14,27,130,"[0, 632, 640, 904, 1329, 1600, 1921, 2336, 2665, 2928, 3264, 3617, 4024, 0]"
652e11907e5db7a9f62d7258,0,7,bad,25396,8,36,66,"[0, 768, 1528, 2353, 3145, 4049, 5128, 0]"
652e11907e5db7a9f62d7258,0,8,good,47078,15,29,141,"[0, 289, 625, 944, 1248, 1593, 1887, 2264, 2641, 2936, 3249, 3600, 3954, 4377, 0]"
652e11907e5db7a9f62d7258,0,9,good,45477,15,29,142,"[0, 295, 624, 967, 1265, 1472, 1919, 2240, 2632, 2857, 3185, 3552, 3824, 4239, 0]"
652e11907e5db7a9f62d7258,0,10,bad,25083,8,36,67,"[0, 992, 1512, 2297, 3073, 3961, 4777, 0]"
652e11907e5db7a9f62d7258,0,11,good,39332,13,25,119,"[0, 297, 624, 928, 1239, 1593, 1928, 2280, 2608, 2967, 3289, 3681, 4025]"
652e11907e5db7a9f62d7258,0,12,good,40189,14,27,132,"[0, 289, 615, 937, 1216, 1575, 1905, 2304, 2592, 2913, 3201, 3615, 3705, 0]"
652e11907e5db7a9f62d7258,0,13,good,57655,17,33,163,"[0, 305, 608, 937, 1216, 1536, 2088, 2185, 2576, 2848, 3168, 3385, 3776, 4025, 4375, 4856, 0]"
652e11907e5db7a9f62d7258,0,14,good,49854,15,29,139,"[0, 383, 712, 1016, 1312, 1536, 1816, 2224, 2688, 2592, 3097, 3304, 3728, 3984, 4993]"
652e11907e5db7a9f62d7258,0,15,good,39749,14,27,129,"[0, 289, 600, 879, 1185, 1593, 1888, 2240, 2608, 3048, 3216, 3505, 3753, 0]"
652e11907e5db7a9f62d7258,0,16,good,44206,14,27,129,"[0, 288, 593, 897, 1177, 1512, 2264, 2121, 2465, 2776, 3177, 3561, 3817, 4737]"
652e11907e5db7a9f62d7258,0,17,good,6305,5,9,42,"[240, 0, 600, 871, 1168]"
652e11907e5db7a9f62d7258,1,1,good,50781,16,31,150,"[0, 393, 657, 823, 1136, 1703, 1761, 2200, 2289, 2601, 2935, 3264, 3633, 4056, 4169, 0]"
652e11907e5db7a9f62d7258,1,2,good,39068,14,27,130,"[0, 280, 584, 904, 1343, 1495, 1760, 2192, 2337, 2680, 3008, 3233, 3833, 0]"
652e11907e5db7a9f62d7258,1,3,bad,25643,8,36,70,"[0, 769, 1432, 2168, 3153, 4056, 4513, 0]"
652e11907e5db7a9f62d7258,1,4,bad,39333,10,46,91,"[0, 1032, 1489, 2217, 3033, 3816, 4745, 5537, 6393, 0]"
652e11907e5db7a9f62d7258,1,5,good,83170,21,41,193,"[0, 376, 681, 984, 1200, 1544, 1856, 2129, 2488, 2712, 3017, 3344, 3913, 3961, 4745, 5281, 4920, 5169, 5537, 5881, 0]"
652e11907e5db7a9f62d7258,1,6,bad,38597,10,46,91,"[0, 799, 1479, 2240, 2920, 3928, 4881, 5456, 6225, 0]"
652e11907e5db7a9f62d7258,1,7,bad,31732,9,41,83,"[0, 976, 1504, 2249, 3129, 3721, 4841, 5649, 0]"
652e11907e5db7a9f62d7258,1,8,good,33981,13,25,121,"[0, 313, 608, 896, 1184, 1504, 1816, 2072, 2449, 2769, 3112, 3233, 0]"
652e11907e5db7a9f62d7258,1,9,good,39406,14,27,127,"[0, 288, 617, 920, 1208, 1520, 1752, 2064, 2504, 2768, 3088, 3441, 4017, 0]"
652e11907e5db7a9f62d7258,1,10,good,35525,13,25,122,"[0, 312, 640, 960, 1305, 1768, 1960, 2336, 2505, 2784, 3264, 3465, 0]"
652e11907e5db7a9f62d7258,1,11,bad,31116,9,41,83,"[0, 784, 1560, 2344, 3064, 3841, 4545, 5585, 0]"
652e11907e5db7a9f62d7258,1,12,good,56532,17,33,160,"[0, 303, 608, 928, 1207, 1543, 1864, 2257, 2601, 2945, 3200, 3721, 3760, 3984, 4288, 4537, 0]"
652e11907e5db7a9f62d7258,1,13,good,76849,20,39,192,"[0, 312, 640, 937, 1240, 1585, 1895, 2240, 2554, 2864, 3208, 3417, 3801, 4161, 4552, 4793, 5129, 5464, 5841, 0]"
652e11907e5db7a9f62d7258,1,14,good,70296,19,37,173,"[0, 320, 633, 952, 1272, 1608, 1968, 2233, 2617, 2953, 3256, 3544, 3783, 4256, 4497, 4752, 5064, 5496, 0]"
652e11907e5db7a9f62d7258,1,15,bad,31564,9,41,75,"[0, 849, 1456, 2328, 3105, 3864, 4784, 5597, 0]"
652e11907e5db7a9f62d7258,1,16,bad,19042,7,31,59,"[0, 791, 1529, 2225, 3520, 3776, 0]"
652e11907e5db7a9f62d7258,1,17,bad,20475,7,31,60,"[0, 745, 1464, 2216, 2976, 3889, 2393]"
